FIPS,State,County,FOODINSEC,VLFOODSEC,FOODINSEC_CHILD
1001,AL,Autauga,17.9,6.8,9.3
1003,AL,Baldwin,17.9,6.8,9.3
1005,AL,Barbour,17.9,6.8,9.3
1007,AL,Bibb,17.9,6.8,9.3
1009,AL,Blount,17.9,6.8,9.3
1011,AL,Bullock,17.9,6.8,9.3
1013,AL,Butler,17.9,6.8,9.3
1015,AL,Calhoun,17.9,6.8,9.3
1017,AL,Chambers,17.9,6.8,9.3
1019,AL,Cherokee,17.9,6.8,9.3
1021,AL,Chilton,17.9,6.8,9.3
1023,AL,Choctaw,17.9,6.8,9.3
1025,AL,Clarke,17.9,6.8,9.3
1027,AL,Clay,17.9,6.8,9.3
1029,AL,Cleburne,17.9,6.8,9.3
1031,AL,Coffee,17.9,6.8,9.3
1033,AL,Colbert,17.9,6.8,9.3
1035,AL,Conecuh,17.9,6.8,9.3
1037,AL,Coosa,17.9,6.8,9.3
1039,AL,Covington,17.9,6.8,9.3
1041,AL,Crenshaw,17.9,6.8,9.3
1043,AL,Cullman,17.9,6.8,9.3
1045,AL,Dale,17.9,6.8,9.3
1047,AL,Dallas,17.9,6.8,9.3
1049,AL,DeKalb,17.9,6.8,9.3
1051,AL,Elmore,17.9,6.8,9.3
1053,AL,Escambia,17.9,6.8,9.3
1055,AL,Etowah,17.9,6.8,9.3
1057,AL,Fayette,17.9,6.8,9.3
1059,AL,Franklin,17.9,6.8,9.3
1061,AL,Geneva,17.9,6.8,9.3
1063,AL,Greene,17.9,6.8,9.3
1065,AL,Hale,17.9,6.8,9.3
1067,AL,Henry,17.9,6.8,9.3
1069,AL,Houston,17.9,6.8,9.3
1071,AL,Jackson,17.9,6.8,9.3
1073,AL,Jefferson,17.9,6.8,9.3
1075,AL,Lamar,17.9,6.8,9.3
1077,AL,Lauderdale,17.9,6.8,9.3
1079,AL,Lawrence,17.9,6.8,9.3
1081,AL,Lee,17.9,6.8,9.3
1083,AL,Limestone,17.9,6.8,9.3
1085,AL,Lowndes,17.9,6.8,9.3
1087,AL,Macon,17.9,6.8,9.3
1089,AL,Madison,17.9,6.8,9.3
1091,AL,Marengo,17.9,6.8,9.3
1093,AL,Marion,17.9,6.8,9.3
1095,AL,Marshall,17.9,6.8,9.3
1097,AL,Mobile,17.9,6.8,9.3
1099,AL,Monroe,17.9,6.8,9.3
1101,AL,Montgomery,17.9,6.8,9.3
1103,AL,Morgan,17.9,6.8,9.3
1105,AL,Perry,17.9,6.8,9.3
1107,AL,Pickens,17.9,6.8,9.3
1109,AL,Pike,17.9,6.8,9.3
1111,AL,Randolph,17.9,6.8,9.3
1113,AL,Russell,17.9,6.8,9.3
1115,AL,St. Clair,17.9,6.8,9.3
1117,AL,Shelby,17.9,6.8,9.3
1119,AL,Sumter,17.9,6.8,9.3
1121,AL,Talladega,17.9,6.8,9.3
1123,AL,Tallapoosa,17.9,6.8,9.3
1125,AL,Tuscaloosa,17.9,6.8,9.3
1127,AL,Walker,17.9,6.8,9.3
1129,AL,Washington,17.9,6.8,9.3
1131,AL,Wilcox,17.9,6.8,9.3
1133,AL,Winston,17.9,6.8,9.3
2010,AK,Aleutian Islands,,,
2013,AK,Aleutians East,12.1,4.4,8
2016,AK,Aleutians West,12.1,4.4,8
2020,AK,Anchorage,12.1,4.4,8
2050,AK,Bethel,12.1,4.4,8
2060,AK,Bristol Bay,12.1,4.4,8
2068,AK,Denali,12.1,4.4,8
2070,AK,Dillingham,12.1,4.4,8
2090,AK,Fairbanks North Star,12.1,4.4,8
2100,AK,Haines,12.1,4.4,8
2105,AK,Hoonah-Angoon,12.1,4.4,8
2110,AK,Juneau,12.1,4.4,8
2122,AK,Kenai Peninsula,12.1,4.4,8
2130,AK,Ketchikan Gateway,12.1,4.4,8
2150,AK,Kodiak Island,12.1,4.4,8
2164,AK,Lake and Peninsula,12.1,4.4,8
2170,AK,Matanuska-Susitna,12.1,4.4,8
2180,AK,Nome,12.1,4.4,8
2185,AK,North Slope,12.1,4.4,8
2188,AK,Northwest Arctic,12.1,4.4,8
2195,AK,Petersburg,12.1,4.4,8
2198,AK,Prince of Wales-Hyder,12.1,4.4,8
2201,AK,Prince of Wales-Outer Ketchi,,,
2220,AK,Sitka,12.1,4.4,8
2230,AK,Skagway,12.1,4.4,8
2231,AK,Skagway-Yakutat-Angoon,,,
2232,AK,Skagway-Hoonah-Angoon,,,
2240,AK,Southeast Fairbanks,12.1,4.4,8
2261,AK,Valdez-Cordova,12.1,4.4,8
2270,AK,Wade Hampton,12.1,4.4,8
2275,AK,Wrangell,12.1,4.4,8
2280,AK,Wrangell-Petersburg,,,
2282,AK,Yakutat,12.1,4.4,8
2290,AK,Yukon-Koyukuk,12.1,4.4,8
4001,AZ,Apache,14.9,6.4,10.9
4003,AZ,Cochise,14.9,6.4,10.9
4005,AZ,Coconino,14.9,6.4,10.9
4007,AZ,Gila,14.9,6.4,10.9
4009,AZ,Graham,14.9,6.4,10.9
4011,AZ,Greenlee,14.9,6.4,10.9
4012,AZ,La Paz,14.9,6.4,10.9
4013,AZ,Maricopa,14.9,6.4,10.9
4015,AZ,Mohave,14.9,6.4,10.9
4017,AZ,Navajo,14.9,6.4,10.9
4019,AZ,Pima,14.9,6.4,10.9
4021,AZ,Pinal,14.9,6.4,10.9
4023,AZ,Santa Cruz,14.9,6.4,10.9
4025,AZ,Yavapai,14.9,6.4,10.9
4027,AZ,Yuma,14.9,6.4,10.9
5001,AR,Arkansas,19.7,8.1,11.5
5003,AR,Ashley,19.7,8.1,11.5
5005,AR,Baxter,19.7,8.1,11.5
5007,AR,Benton,19.7,8.1,11.5
5009,AR,Boone,19.7,8.1,11.5
5011,AR,Bradley,19.7,8.1,11.5
5013,AR,Calhoun,19.7,8.1,11.5
5015,AR,Carroll,19.7,8.1,11.5
5017,AR,Chicot,19.7,8.1,11.5
5019,AR,Clark,19.7,8.1,11.5
5021,AR,Clay,19.7,8.1,11.5
5023,AR,Cleburne,19.7,8.1,11.5
5025,AR,Cleveland,19.7,8.1,11.5
5027,AR,Columbia,19.7,8.1,11.5
5029,AR,Conway,19.7,8.1,11.5
5031,AR,Craighead,19.7,8.1,11.5
5033,AR,Crawford,19.7,8.1,11.5
5035,AR,Crittenden,19.7,8.1,11.5
5037,AR,Cross,19.7,8.1,11.5
5039,AR,Dallas,19.7,8.1,11.5
5041,AR,Desha,19.7,8.1,11.5
5043,AR,Drew,19.7,8.1,11.5
5045,AR,Faulkner,19.7,8.1,11.5
5047,AR,Franklin,19.7,8.1,11.5
5049,AR,Fulton,19.7,8.1,11.5
5051,AR,Garland,19.7,8.1,11.5
5053,AR,Grant,19.7,8.1,11.5
5055,AR,Greene,19.7,8.1,11.5
5057,AR,Hempstead,19.7,8.1,11.5
5059,AR,Hot Spring,19.7,8.1,11.5
5061,AR,Howard,19.7,8.1,11.5
5063,AR,Independence,19.7,8.1,11.5
5065,AR,Izard,19.7,8.1,11.5
5067,AR,Jackson,19.7,8.1,11.5
5069,AR,Jefferson,19.7,8.1,11.5
5071,AR,Johnson,19.7,8.1,11.5
5073,AR,Lafayette,19.7,8.1,11.5
5075,AR,Lawrence,19.7,8.1,11.5
5077,AR,Lee,19.7,8.1,11.5
5079,AR,Lincoln,19.7,8.1,11.5
5081,AR,Little River,19.7,8.1,11.5
5083,AR,Logan,19.7,8.1,11.5
5085,AR,Lonoke,19.7,8.1,11.5
5087,AR,Madison,19.7,8.1,11.5
5089,AR,Marion,19.7,8.1,11.5
5091,AR,Miller,19.7,8.1,11.5
5093,AR,Mississippi,19.7,8.1,11.5
5095,AR,Monroe,19.7,8.1,11.5
5097,AR,Montgomery,19.7,8.1,11.5
5099,AR,Nevada,19.7,8.1,11.5
5101,AR,Newton,19.7,8.1,11.5
5103,AR,Ouachita,19.7,8.1,11.5
5105,AR,Perry,19.7,8.1,11.5
5107,AR,Phillips,19.7,8.1,11.5
5109,AR,Pike,19.7,8.1,11.5
5111,AR,Poinsett,19.7,8.1,11.5
5113,AR,Polk,19.7,8.1,11.5
5115,AR,Pope,19.7,8.1,11.5
5117,AR,Prairie,19.7,8.1,11.5
5119,AR,Pulaski,19.7,8.1,11.5
5121,AR,Randolph,19.7,8.1,11.5
5123,AR,St. Francis,19.7,8.1,11.5
5125,AR,Saline,19.7,8.1,11.5
5127,AR,Scott,19.7,8.1,11.5
5129,AR,Searcy,19.7,8.1,11.5
5131,AR,Sebastian,19.7,8.1,11.5
5133,AR,Sevier,19.7,8.1,11.5
5135,AR,Sharp,19.7,8.1,11.5
5137,AR,Stone,19.7,8.1,11.5
5139,AR,Union,19.7,8.1,11.5
5141,AR,Van Buren,19.7,8.1,11.5
5143,AR,Washington,19.7,8.1,11.5
5145,AR,White,19.7,8.1,11.5
5147,AR,Woodruff,19.7,8.1,11.5
5149,AR,Yell,19.7,8.1,11.5
6001,CA,Alameda,15.6,5.7,10.8
6003,CA,Alpine,15.6,5.7,10.8
6005,CA,Amador,15.6,5.7,10.8
6007,CA,Butte,15.6,5.7,10.8
6009,CA,Calaveras,15.6,5.7,10.8
6011,CA,Colusa,15.6,5.7,10.8
6013,CA,Contra Costa,15.6,5.7,10.8
6015,CA,Del Norte,15.6,5.7,10.8
6017,CA,El Dorado,15.6,5.7,10.8
6019,CA,Fresno,15.6,5.7,10.8
6021,CA,Glenn,15.6,5.7,10.8
6023,CA,Humboldt,15.6,5.7,10.8
6025,CA,Imperial,15.6,5.7,10.8
6027,CA,Inyo,15.6,5.7,10.8
6029,CA,Kern,15.6,5.7,10.8
6031,CA,Kings,15.6,5.7,10.8
6033,CA,Lake,15.6,5.7,10.8
6035,CA,Lassen,15.6,5.7,10.8
6037,CA,Los Angeles,15.6,5.7,10.8
6039,CA,Madera,15.6,5.7,10.8
6041,CA,Marin,15.6,5.7,10.8
6043,CA,Mariposa,15.6,5.7,10.8
6045,CA,Mendocino,15.6,5.7,10.8
6047,CA,Merced,15.6,5.7,10.8
6049,CA,Modoc,15.6,5.7,10.8
6051,CA,Mono,15.6,5.7,10.8
6053,CA,Monterey,15.6,5.7,10.8
6055,CA,Napa,15.6,5.7,10.8
6057,CA,Nevada,15.6,5.7,10.8
6059,CA,Orange,15.6,5.7,10.8
6061,CA,Placer,15.6,5.7,10.8
6063,CA,Plumas,15.6,5.7,10.8
6065,CA,Riverside,15.6,5.7,10.8
6067,CA,Sacramento,15.6,5.7,10.8
6069,CA,San Benito,15.6,5.7,10.8
6071,CA,San Bernardino,15.6,5.7,10.8
6073,CA,San Diego,15.6,5.7,10.8
6075,CA,San Francisco,15.6,5.7,10.8
6077,CA,San Joaquin,15.6,5.7,10.8
6079,CA,San Luis Obispo,15.6,5.7,10.8
6081,CA,San Mateo,15.6,5.7,10.8
6083,CA,Santa Barbara,15.6,5.7,10.8
6085,CA,Santa Clara,15.6,5.7,10.8
6087,CA,Santa Cruz,15.6,5.7,10.8
6089,CA,Shasta,15.6,5.7,10.8
6091,CA,Sierra,15.6,5.7,10.8
6093,CA,Siskiyou,15.6,5.7,10.8
6095,CA,Solano,15.6,5.7,10.8
6097,CA,Sonoma,15.6,5.7,10.8
6099,CA,Stanislaus,15.6,5.7,10.8
6101,CA,Sutter,15.6,5.7,10.8
6103,CA,Tehama,15.6,5.7,10.8
6105,CA,Trinity,15.6,5.7,10.8
6107,CA,Tulare,15.6,5.7,10.8
6109,CA,Tuolumne,15.6,5.7,10.8
6111,CA,Ventura,15.6,5.7,10.8
6113,CA,Yolo,15.6,5.7,10.8
6115,CA,Yuba,15.6,5.7,10.8
8001,CO,Adams,14.1,5.8,8.8
8003,CO,Alamosa,14.1,5.8,8.8
8005,CO,Arapahoe,14.1,5.8,8.8
8007,CO,Archuleta,14.1,5.8,8.8
8009,CO,Baca,14.1,5.8,8.8
8011,CO,Bent,14.1,5.8,8.8
8013,CO,Boulder,14.1,5.8,8.8
8014,CO,Broomfield,14.1,5.8,8.8
8014,CO,Broomfield,14.1,5.8,8.8
8015,CO,Chaffee,14.1,5.8,8.8
8017,CO,Cheyenne,14.1,5.8,8.8
8019,CO,Clear Creek,14.1,5.8,8.8
8021,CO,Conejos,14.1,5.8,8.8
8023,CO,Costilla,14.1,5.8,8.8
8025,CO,Crowley,14.1,5.8,8.8
8027,CO,Custer,14.1,5.8,8.8
8029,CO,Delta,14.1,5.8,8.8
8031,CO,Denver,14.1,5.8,8.8
8033,CO,Dolores,14.1,5.8,8.8
8035,CO,Douglas,14.1,5.8,8.8
8037,CO,Eagle,14.1,5.8,8.8
8039,CO,Elbert,14.1,5.8,8.8
8041,CO,El Paso,14.1,5.8,8.8
8043,CO,Fremont,14.1,5.8,8.8
8045,CO,Garfield,14.1,5.8,8.8
8047,CO,Gilpin,14.1,5.8,8.8
8049,CO,Grand,14.1,5.8,8.8
8051,CO,Gunnison,14.1,5.8,8.8
8053,CO,Hinsdale,14.1,5.8,8.8
8055,CO,Huerfano,14.1,5.8,8.8
8057,CO,Jackson,14.1,5.8,8.8
8059,CO,Jefferson,14.1,5.8,8.8
8061,CO,Kiowa,14.1,5.8,8.8
8063,CO,Kit Carson,14.1,5.8,8.8
8065,CO,Lake,14.1,5.8,8.8
8067,CO,La Plata,14.1,5.8,8.8
8069,CO,Larimer,14.1,5.8,8.8
8071,CO,Las Animas,14.1,5.8,8.8
8073,CO,Lincoln,14.1,5.8,8.8
8075,CO,Logan,14.1,5.8,8.8
8077,CO,Mesa,14.1,5.8,8.8
8079,CO,Mineral,14.1,5.8,8.8
8081,CO,Moffat,14.1,5.8,8.8
8083,CO,Montezuma,14.1,5.8,8.8
8085,CO,Montrose,14.1,5.8,8.8
8087,CO,Morgan,14.1,5.8,8.8
8089,CO,Otero,14.1,5.8,8.8
8091,CO,Ouray,14.1,5.8,8.8
8093,CO,Park,14.1,5.8,8.8
8095,CO,Phillips,14.1,5.8,8.8
8097,CO,Pitkin,14.1,5.8,8.8
8099,CO,Prowers,14.1,5.8,8.8
8101,CO,Pueblo,14.1,5.8,8.8
8103,CO,Rio Blanco,14.1,5.8,8.8
8105,CO,Rio Grande,14.1,5.8,8.8
8107,CO,Routt,14.1,5.8,8.8
8109,CO,Saguache,14.1,5.8,8.8
8111,CO,San Juan,14.1,5.8,8.8
8113,CO,San Miguel,14.1,5.8,8.8
8115,CO,Sedgwick,14.1,5.8,8.8
8117,CO,Summit,14.1,5.8,8.8
8119,CO,Teller,14.1,5.8,8.8
8121,CO,Washington,14.1,5.8,8.8
8123,CO,Weld,14.1,5.8,8.8
8125,CO,Yuma,14.1,5.8,8.8
9001,CT,Fairfield,13.4,4.9,8
9003,CT,Hartford,13.4,4.9,8
9005,CT,Litchfield,13.4,4.9,8
9007,CT,Middlesex,13.4,4.9,8
9009,CT,New Haven,13.4,4.9,8
9011,CT,New London,13.4,4.9,8
9013,CT,Tolland,13.4,4.9,8
9015,CT,Windham,13.4,4.9,8
10001,DE,Kent,11.6,4.9,7
10003,DE,New Castle,11.6,4.9,7
10005,DE,Sussex,11.6,4.9,7
11001,DC,District of Columbia,12,4.5,11.2
12001,FL,Alachua,14.8,5.7,9.4
12003,FL,Baker,14.8,5.7,9.4
12005,FL,Bay,14.8,5.7,9.4
12007,FL,Bradford,14.8,5.7,9.4
12009,FL,Brevard,14.8,5.7,9.4
12011,FL,Broward,14.8,5.7,9.4
12013,FL,Calhoun,14.8,5.7,9.4
12015,FL,Charlotte,14.8,5.7,9.4
12017,FL,Citrus,14.8,5.7,9.4
12019,FL,Clay,14.8,5.7,9.4
12021,FL,Collier,14.8,5.7,9.4
12023,FL,Columbia,14.8,5.7,9.4
12025,FL,Dade,,,
12027,FL,DeSoto,14.8,5.7,9.4
12029,FL,Dixie,14.8,5.7,9.4
12031,FL,Duval,14.8,5.7,9.4
12033,FL,Escambia,14.8,5.7,9.4
12035,FL,Flagler,14.8,5.7,9.4
12037,FL,Franklin,14.8,5.7,9.4
12039,FL,Gadsden,14.8,5.7,9.4
12041,FL,Gilchrist,14.8,5.7,9.4
12043,FL,Glades,14.8,5.7,9.4
12045,FL,Gulf,14.8,5.7,9.4
12047,FL,Hamilton,14.8,5.7,9.4
12049,FL,Hardee,14.8,5.7,9.4
12051,FL,Hendry,14.8,5.7,9.4
12053,FL,Hernando,14.8,5.7,9.4
12055,FL,Highlands,14.8,5.7,9.4
12057,FL,Hillsborough,14.8,5.7,9.4
12059,FL,Holmes,14.8,5.7,9.4
12061,FL,Indian River,14.8,5.7,9.4
12063,FL,Jackson,14.8,5.7,9.4
12065,FL,Jefferson,14.8,5.7,9.4
12067,FL,Lafayette,14.8,5.7,9.4
12069,FL,Lake,14.8,5.7,9.4
12071,FL,Lee,14.8,5.7,9.4
12073,FL,Leon,14.8,5.7,9.4
12075,FL,Levy,14.8,5.7,9.4
12077,FL,Liberty,14.8,5.7,9.4
12079,FL,Madison,14.8,5.7,9.4
12081,FL,Manatee,14.8,5.7,9.4
12083,FL,Marion,14.8,5.7,9.4
12085,FL,Martin,14.8,5.7,9.4
12086,FL,Miami-Dade,14.8,5.7,9.4
12087,FL,Monroe,14.8,5.7,9.4
12089,FL,Nassau,14.8,5.7,9.4
12091,FL,Okaloosa,14.8,5.7,9.4
12093,FL,Okeechobee,14.8,5.7,9.4
12095,FL,Orange,14.8,5.7,9.4
12097,FL,Osceola,14.8,5.7,9.4
12099,FL,Palm Beach,14.8,5.7,9.4
12101,FL,Pasco,14.8,5.7,9.4
12103,FL,Pinellas,14.8,5.7,9.4
12105,FL,Polk,14.8,5.7,9.4
12107,FL,Putnam,14.8,5.7,9.4
12109,FL,St. Johns,14.8,5.7,9.4
12111,FL,St. Lucie,14.8,5.7,9.4
12113,FL,Santa Rosa,14.8,5.7,9.4
12115,FL,Sarasota,14.8,5.7,9.4
12117,FL,Seminole,14.8,5.7,9.4
12119,FL,Sumter,14.8,5.7,9.4
12121,FL,Suwannee,14.8,5.7,9.4
12123,FL,Taylor,14.8,5.7,9.4
12125,FL,Union,14.8,5.7,9.4
12127,FL,Volusia,14.8,5.7,9.4
12129,FL,Wakulla,14.8,5.7,9.4
12131,FL,Walton,14.8,5.7,9.4
12133,FL,Washington,14.8,5.7,9.4
13001,GA,Appling,16.9,6.5,10.5
13003,GA,Atkinson,16.9,6.5,10.5
13005,GA,Bacon,16.9,6.5,10.5
13007,GA,Baker,16.9,6.5,10.5
13009,GA,Baldwin,16.9,6.5,10.5
13011,GA,Banks,16.9,6.5,10.5
13013,GA,Barrow,16.9,6.5,10.5
13015,GA,Bartow,16.9,6.5,10.5
13017,GA,Ben Hill,16.9,6.5,10.5
13019,GA,Berrien,16.9,6.5,10.5
13021,GA,Bibb,16.9,6.5,10.5
13023,GA,Bleckley,16.9,6.5,10.5
13025,GA,Brantley,16.9,6.5,10.5
13027,GA,Brooks,16.9,6.5,10.5
13029,GA,Bryan,16.9,6.5,10.5
13031,GA,Bulloch,16.9,6.5,10.5
13033,GA,Burke,16.9,6.5,10.5
13035,GA,Butts,16.9,6.5,10.5
13037,GA,Calhoun,16.9,6.5,10.5
13039,GA,Camden,16.9,6.5,10.5
13043,GA,Candler,16.9,6.5,10.5
13045,GA,Carroll,16.9,6.5,10.5
13047,GA,Catoosa,16.9,6.5,10.5
13049,GA,Charlton,16.9,6.5,10.5
13051,GA,Chatham,16.9,6.5,10.5
13053,GA,Chattahoochee,16.9,6.5,10.5
13055,GA,Chattooga,16.9,6.5,10.5
13057,GA,Cherokee,16.9,6.5,10.5
13059,GA,Clarke,16.9,6.5,10.5
13061,GA,Clay,16.9,6.5,10.5
13063,GA,Clayton,16.9,6.5,10.5
13065,GA,Clinch,16.9,6.5,10.5
13067,GA,Cobb,16.9,6.5,10.5
13069,GA,Coffee,16.9,6.5,10.5
13071,GA,Colquitt,16.9,6.5,10.5
13073,GA,Columbia,16.9,6.5,10.5
13075,GA,Cook,16.9,6.5,10.5
13077,GA,Coweta,16.9,6.5,10.5
13079,GA,Crawford,16.9,6.5,10.5
13081,GA,Crisp,16.9,6.5,10.5
13083,GA,Dade,16.9,6.5,10.5
13085,GA,Dawson,16.9,6.5,10.5
13087,GA,Decatur,16.9,6.5,10.5
13089,GA,DeKalb,16.9,6.5,10.5
13091,GA,Dodge,16.9,6.5,10.5
13093,GA,Dooly,16.9,6.5,10.5
13095,GA,Dougherty,16.9,6.5,10.5
13097,GA,Douglas,16.9,6.5,10.5
13099,GA,Early,16.9,6.5,10.5
13101,GA,Echols,16.9,6.5,10.5
13103,GA,Effingham,16.9,6.5,10.5
13105,GA,Elbert,16.9,6.5,10.5
13107,GA,Emanuel,16.9,6.5,10.5
13109,GA,Evans,16.9,6.5,10.5
13111,GA,Fannin,16.9,6.5,10.5
13113,GA,Fayette,16.9,6.5,10.5
13115,GA,Floyd,16.9,6.5,10.5
13117,GA,Forsyth,16.9,6.5,10.5
13119,GA,Franklin,16.9,6.5,10.5
13121,GA,Fulton,16.9,6.5,10.5
13123,GA,Gilmer,16.9,6.5,10.5
13125,GA,Glascock,16.9,6.5,10.5
13127,GA,Glynn,16.9,6.5,10.5
13129,GA,Gordon,16.9,6.5,10.5
13131,GA,Grady,16.9,6.5,10.5
13133,GA,Greene,16.9,6.5,10.5
13135,GA,Gwinnett,16.9,6.5,10.5
13137,GA,Habersham,16.9,6.5,10.5
13139,GA,Hall,16.9,6.5,10.5
13141,GA,Hancock,16.9,6.5,10.5
13143,GA,Haralson,16.9,6.5,10.5
13145,GA,Harris,16.9,6.5,10.5
13147,GA,Hart,16.9,6.5,10.5
13149,GA,Heard,16.9,6.5,10.5
13151,GA,Henry,16.9,6.5,10.5
13153,GA,Houston,16.9,6.5,10.5
13155,GA,Irwin,16.9,6.5,10.5
13157,GA,Jackson,16.9,6.5,10.5
13159,GA,Jasper,16.9,6.5,10.5
13161,GA,Jeff Davis,16.9,6.5,10.5
13163,GA,Jefferson,16.9,6.5,10.5
13165,GA,Jenkins,16.9,6.5,10.5
13167,GA,Johnson,16.9,6.5,10.5
13169,GA,Jones,16.9,6.5,10.5
13171,GA,Lamar,16.9,6.5,10.5
13173,GA,Lanier,16.9,6.5,10.5
13175,GA,Laurens,16.9,6.5,10.5
13177,GA,Lee,16.9,6.5,10.5
13179,GA,Liberty,16.9,6.5,10.5
13181,GA,Lincoln,16.9,6.5,10.5
13183,GA,Long,16.9,6.5,10.5
13185,GA,Lowndes,16.9,6.5,10.5
13187,GA,Lumpkin,16.9,6.5,10.5
13189,GA,McDuffie,16.9,6.5,10.5
13191,GA,McIntosh,16.9,6.5,10.5
13193,GA,Macon,16.9,6.5,10.5
13195,GA,Madison,16.9,6.5,10.5
13197,GA,Marion,16.9,6.5,10.5
13199,GA,Meriwether,16.9,6.5,10.5
13201,GA,Miller,16.9,6.5,10.5
13205,GA,Mitchell,16.9,6.5,10.5
13207,GA,Monroe,16.9,6.5,10.5
13209,GA,Montgomery,16.9,6.5,10.5
13211,GA,Morgan,16.9,6.5,10.5
13213,GA,Murray,16.9,6.5,10.5
13215,GA,Muscogee,16.9,6.5,10.5
13217,GA,Newton,16.9,6.5,10.5
13219,GA,Oconee,16.9,6.5,10.5
13221,GA,Oglethorpe,16.9,6.5,10.5
13223,GA,Paulding,16.9,6.5,10.5
13225,GA,Peach,16.9,6.5,10.5
13227,GA,Pickens,16.9,6.5,10.5
13229,GA,Pierce,16.9,6.5,10.5
13231,GA,Pike,16.9,6.5,10.5
13233,GA,Polk,16.9,6.5,10.5
13235,GA,Pulaski,16.9,6.5,10.5
13237,GA,Putnam,16.9,6.5,10.5
13239,GA,Quitman,16.9,6.5,10.5
13241,GA,Rabun,16.9,6.5,10.5
13243,GA,Randolph,16.9,6.5,10.5
13245,GA,Richmond,16.9,6.5,10.5
13247,GA,Rockdale,16.9,6.5,10.5
13249,GA,Schley,16.9,6.5,10.5
13251,GA,Screven,16.9,6.5,10.5
13253,GA,Seminole,16.9,6.5,10.5
13255,GA,Spalding,16.9,6.5,10.5
13257,GA,Stephens,16.9,6.5,10.5
13259,GA,Stewart,16.9,6.5,10.5
13261,GA,Sumter,16.9,6.5,10.5
13263,GA,Talbot,16.9,6.5,10.5
13265,GA,Taliaferro,16.9,6.5,10.5
13267,GA,Tattnall,16.9,6.5,10.5
13269,GA,Taylor,16.9,6.5,10.5
13271,GA,Telfair,16.9,6.5,10.5
13273,GA,Terrell,16.9,6.5,10.5
13275,GA,Thomas,16.9,6.5,10.5
13277,GA,Tift,16.9,6.5,10.5
13279,GA,Toombs,16.9,6.5,10.5
13281,GA,Towns,16.9,6.5,10.5
13283,GA,Treutlen,16.9,6.5,10.5
13285,GA,Troup,16.9,6.5,10.5
13287,GA,Turner,16.9,6.5,10.5
13289,GA,Twiggs,16.9,6.5,10.5
13291,GA,Union,16.9,6.5,10.5
13293,GA,Upson,16.9,6.5,10.5
13295,GA,Walker,16.9,6.5,10.5
13297,GA,Walton,16.9,6.5,10.5
13299,GA,Ware,16.9,6.5,10.5
13301,GA,Warren,16.9,6.5,10.5
13303,GA,Washington,16.9,6.5,10.5
13305,GA,Wayne,16.9,6.5,10.5
13307,GA,Webster,16.9,6.5,10.5
13309,GA,Wheeler,16.9,6.5,10.5
13311,GA,White,16.9,6.5,10.5
13313,GA,Whitfield,16.9,6.5,10.5
13315,GA,Wilcox,16.9,6.5,10.5
13317,GA,Wilkes,16.9,6.5,10.5
13319,GA,Wilkinson,16.9,6.5,10.5
13321,GA,Worth,16.9,6.5,10.5
15001,HI,Hawaii,14,5.6,8.4
15003,HI,Honolulu,14,5.6,8.4
15005,HI,Kalawao,14,5.6,8.4
15007,HI,Kauai,14,5.6,8.4
15009,HI,Maui,14,5.6,8.4
15901,HI,Maui + Kalawao,,,
16001,ID,Ada,14.3,5.3,8.7
16003,ID,Adams,14.3,5.3,8.7
16005,ID,Bannock,14.3,5.3,8.7
16007,ID,Bear Lake,14.3,5.3,8.7
16009,ID,Benewah,14.3,5.3,8.7
16011,ID,Bingham,14.3,5.3,8.7
16013,ID,Blaine,14.3,5.3,8.7
16015,ID,Boise,14.3,5.3,8.7
16017,ID,Bonner,14.3,5.3,8.7
16019,ID,Bonneville,14.3,5.3,8.7
16021,ID,Boundary,14.3,5.3,8.7
16023,ID,Butte,14.3,5.3,8.7
16025,ID,Camas,14.3,5.3,8.7
16027,ID,Canyon,14.3,5.3,8.7
16029,ID,Caribou,14.3,5.3,8.7
16031,ID,Cassia,14.3,5.3,8.7
16033,ID,Clark,14.3,5.3,8.7
16035,ID,Clearwater,14.3,5.3,8.7
16037,ID,Custer,14.3,5.3,8.7
16039,ID,Elmore,14.3,5.3,8.7
16041,ID,Franklin,14.3,5.3,8.7
16043,ID,Fremont,14.3,5.3,8.7
16045,ID,Gem,14.3,5.3,8.7
16047,ID,Gooding,14.3,5.3,8.7
16049,ID,Idaho,14.3,5.3,8.7
16051,ID,Jefferson,14.3,5.3,8.7
16053,ID,Jerome,14.3,5.3,8.7
16055,ID,Kootenai,14.3,5.3,8.7
16057,ID,Latah,14.3,5.3,8.7
16059,ID,Lemhi,14.3,5.3,8.7
16061,ID,Lewis,14.3,5.3,8.7
16063,ID,Lincoln,14.3,5.3,8.7
16065,ID,Madison,14.3,5.3,8.7
16067,ID,Minidoka,14.3,5.3,8.7
16069,ID,Nez Perce,14.3,5.3,8.7
16071,ID,Oneida,14.3,5.3,8.7
16073,ID,Owyhee,14.3,5.3,8.7
16075,ID,Payette,14.3,5.3,8.7
16077,ID,Power,14.3,5.3,8.7
16079,ID,Shoshone,14.3,5.3,8.7
16081,ID,Teton,14.3,5.3,8.7
16083,ID,Twin Falls,14.3,5.3,8.7
16085,ID,Valley,14.3,5.3,8.7
16087,ID,Washington,14.3,5.3,8.7
17001,IL,Adams,13,4.5,7.4
17003,IL,Alexander,13,4.5,7.4
17005,IL,Bond,13,4.5,7.4
17007,IL,Boone,13,4.5,7.4
17009,IL,Brown,13,4.5,7.4
17011,IL,Bureau,13,4.5,7.4
17013,IL,Calhoun,13,4.5,7.4
17015,IL,Carroll,13,4.5,7.4
17017,IL,Cass,13,4.5,7.4
17019,IL,Champaign,13,4.5,7.4
17021,IL,Christian,13,4.5,7.4
17023,IL,Clark,13,4.5,7.4
17025,IL,Clay,13,4.5,7.4
17027,IL,Clinton,13,4.5,7.4
17029,IL,Coles,13,4.5,7.4
17031,IL,Cook,13,4.5,7.4
17033,IL,Crawford,13,4.5,7.4
17035,IL,Cumberland,13,4.5,7.4
17037,IL,DeKalb,13,4.5,7.4
17039,IL,De Witt,13,4.5,7.4
17041,IL,Douglas,13,4.5,7.4
17043,IL,DuPage,13,4.5,7.4
17045,IL,Edgar,13,4.5,7.4
17047,IL,Edwards,13,4.5,7.4
17049,IL,Effingham,13,4.5,7.4
17051,IL,Fayette,13,4.5,7.4
17053,IL,Ford,13,4.5,7.4
17055,IL,Franklin,13,4.5,7.4
17057,IL,Fulton,13,4.5,7.4
17059,IL,Gallatin,13,4.5,7.4
17061,IL,Greene,13,4.5,7.4
17063,IL,Grundy,13,4.5,7.4
17065,IL,Hamilton,13,4.5,7.4
17067,IL,Hancock,13,4.5,7.4
17069,IL,Hardin,13,4.5,7.4
17071,IL,Henderson,13,4.5,7.4
17073,IL,Henry,13,4.5,7.4
17075,IL,Iroquois,13,4.5,7.4
17077,IL,Jackson,13,4.5,7.4
17079,IL,Jasper,13,4.5,7.4
17081,IL,Jefferson,13,4.5,7.4
17083,IL,Jersey,13,4.5,7.4
17085,IL,Jo Daviess,13,4.5,7.4
17087,IL,Johnson,13,4.5,7.4
17089,IL,Kane,13,4.5,7.4
17091,IL,Kankakee,13,4.5,7.4
17093,IL,Kendall,13,4.5,7.4
17095,IL,Knox,13,4.5,7.4
17097,IL,Lake,13,4.5,7.4
17099,IL,LaSalle,13,4.5,7.4
17101,IL,Lawrence,13,4.5,7.4
17103,IL,Lee,13,4.5,7.4
17105,IL,Livingston,13,4.5,7.4
17107,IL,Logan,13,4.5,7.4
17109,IL,McDonough,13,4.5,7.4
17111,IL,McHenry,13,4.5,7.4
17113,IL,McLean,13,4.5,7.4
17115,IL,Macon,13,4.5,7.4
17117,IL,Macoupin,13,4.5,7.4
17119,IL,Madison,13,4.5,7.4
17121,IL,Marion,13,4.5,7.4
17123,IL,Marshall,13,4.5,7.4
17125,IL,Mason,13,4.5,7.4
17127,IL,Massac,13,4.5,7.4
17129,IL,Menard,13,4.5,7.4
17131,IL,Mercer,13,4.5,7.4
17133,IL,Monroe,13,4.5,7.4
17135,IL,Montgomery,13,4.5,7.4
17137,IL,Morgan,13,4.5,7.4
17139,IL,Moultrie,13,4.5,7.4
17141,IL,Ogle,13,4.5,7.4
17143,IL,Peoria,13,4.5,7.4
17145,IL,Perry,13,4.5,7.4
17147,IL,Piatt,13,4.5,7.4
17149,IL,Pike,13,4.5,7.4
17151,IL,Pope,13,4.5,7.4
17153,IL,Pulaski,13,4.5,7.4
17155,IL,Putnam,13,4.5,7.4
17157,IL,Randolph,13,4.5,7.4
17159,IL,Richland,13,4.5,7.4
17161,IL,Rock Island,13,4.5,7.4
17163,IL,St. Clair,13,4.5,7.4
17165,IL,Saline,13,4.5,7.4
17167,IL,Sangamon,13,4.5,7.4
17169,IL,Schuyler,13,4.5,7.4
17171,IL,Scott,13,4.5,7.4
17173,IL,Shelby,13,4.5,7.4
17175,IL,Stark,13,4.5,7.4
17177,IL,Stephenson,13,4.5,7.4
17179,IL,Tazewell,13,4.5,7.4
17181,IL,Union,13,4.5,7.4
17183,IL,Vermilion,13,4.5,7.4
17185,IL,Wabash,13,4.5,7.4
17187,IL,Warren,13,4.5,7.4
17189,IL,Washington,13,4.5,7.4
17191,IL,Wayne,13,4.5,7.4
17193,IL,White,13,4.5,7.4
17195,IL,Whiteside,13,4.5,7.4
17197,IL,Will,13,4.5,7.4
17199,IL,Williamson,13,4.5,7.4
17201,IL,Winnebago,13,4.5,7.4
17203,IL,Woodford,13,4.5,7.4
18001,IN,Adams,13.5,6.3,7.8
18003,IN,Allen,13.5,6.3,7.8
18005,IN,Bartholomew,13.5,6.3,7.8
18007,IN,Benton,13.5,6.3,7.8
18009,IN,Blackford,13.5,6.3,7.8
18011,IN,Boone,13.5,6.3,7.8
18013,IN,Brown,13.5,6.3,7.8
18015,IN,Carroll,13.5,6.3,7.8
18017,IN,Cass,13.5,6.3,7.8
18019,IN,Clark,13.5,6.3,7.8
18021,IN,Clay,13.5,6.3,7.8
18023,IN,Clinton,13.5,6.3,7.8
18025,IN,Crawford,13.5,6.3,7.8
18027,IN,Daviess,13.5,6.3,7.8
18029,IN,Dearborn,13.5,6.3,7.8
18031,IN,Decatur,13.5,6.3,7.8
18033,IN,DeKalb,13.5,6.3,7.8
18035,IN,Delaware,13.5,6.3,7.8
18037,IN,Dubois,13.5,6.3,7.8
18039,IN,Elkhart,13.5,6.3,7.8
18041,IN,Fayette,13.5,6.3,7.8
18043,IN,Floyd,13.5,6.3,7.8
18045,IN,Fountain,13.5,6.3,7.8
18047,IN,Franklin,13.5,6.3,7.8
18049,IN,Fulton,13.5,6.3,7.8
18051,IN,Gibson,13.5,6.3,7.8
18053,IN,Grant,13.5,6.3,7.8
18055,IN,Greene,13.5,6.3,7.8
18057,IN,Hamilton,13.5,6.3,7.8
18059,IN,Hancock,13.5,6.3,7.8
18061,IN,Harrison,13.5,6.3,7.8
18063,IN,Hendricks,13.5,6.3,7.8
18065,IN,Henry,13.5,6.3,7.8
18067,IN,Howard,13.5,6.3,7.8
18069,IN,Huntington,13.5,6.3,7.8
18071,IN,Jackson,13.5,6.3,7.8
18073,IN,Jasper,13.5,6.3,7.8
18075,IN,Jay,13.5,6.3,7.8
18077,IN,Jefferson,13.5,6.3,7.8
18079,IN,Jennings,13.5,6.3,7.8
18081,IN,Johnson,13.5,6.3,7.8
18083,IN,Knox,13.5,6.3,7.8
18085,IN,Kosciusko,13.5,6.3,7.8
18087,IN,LaGrange,13.5,6.3,7.8
18089,IN,Lake,13.5,6.3,7.8
18091,IN,LaPorte,13.5,6.3,7.8
18093,IN,Lawrence,13.5,6.3,7.8
18095,IN,Madison,13.5,6.3,7.8
18097,IN,Marion,13.5,6.3,7.8
18099,IN,Marshall,13.5,6.3,7.8
18101,IN,Martin,13.5,6.3,7.8
18103,IN,Miami,13.5,6.3,7.8
18105,IN,Monroe,13.5,6.3,7.8
18107,IN,Montgomery,13.5,6.3,7.8
18109,IN,Morgan,13.5,6.3,7.8
18111,IN,Newton,13.5,6.3,7.8
18113,IN,Noble,13.5,6.3,7.8
18115,IN,Ohio,13.5,6.3,7.8
18117,IN,Orange,13.5,6.3,7.8
18119,IN,Owen,13.5,6.3,7.8
18121,IN,Parke,13.5,6.3,7.8
18123,IN,Perry,13.5,6.3,7.8
18125,IN,Pike,13.5,6.3,7.8
18127,IN,Porter,13.5,6.3,7.8
18129,IN,Posey,13.5,6.3,7.8
18131,IN,Pulaski,13.5,6.3,7.8
18133,IN,Putnam,13.5,6.3,7.8
18135,IN,Randolph,13.5,6.3,7.8
18137,IN,Ripley,13.5,6.3,7.8
18139,IN,Rush,13.5,6.3,7.8
18141,IN,St. Joseph,13.5,6.3,7.8
18143,IN,Scott,13.5,6.3,7.8
18145,IN,Shelby,13.5,6.3,7.8
18147,IN,Spencer,13.5,6.3,7.8
18149,IN,Starke,13.5,6.3,7.8
18151,IN,Steuben,13.5,6.3,7.8
18153,IN,Sullivan,13.5,6.3,7.8
18155,IN,Switzerland,13.5,6.3,7.8
18157,IN,Tippecanoe,13.5,6.3,7.8
18159,IN,Tipton,13.5,6.3,7.8
18161,IN,Union,13.5,6.3,7.8
18163,IN,Vanderburgh,13.5,6.3,7.8
18165,IN,Vermillion,13.5,6.3,7.8
18167,IN,Vigo,13.5,6.3,7.8
18169,IN,Wabash,13.5,6.3,7.8
18171,IN,Warren,13.5,6.3,7.8
18173,IN,Warrick,13.5,6.3,7.8
18175,IN,Washington,13.5,6.3,7.8
18177,IN,Wayne,13.5,6.3,7.8
18179,IN,Wells,13.5,6.3,7.8
18181,IN,White,13.5,6.3,7.8
18183,IN,Whitley,13.5,6.3,7.8
19001,IA,Adair,12.6,4.8,8.3
19003,IA,Adams,12.6,4.8,8.3
19005,IA,Allamakee,12.6,4.8,8.3
19007,IA,Appanoose,12.6,4.8,8.3
19009,IA,Audubon,12.6,4.8,8.3
19011,IA,Benton,12.6,4.8,8.3
19013,IA,Black Hawk,12.6,4.8,8.3
19015,IA,Boone,12.6,4.8,8.3
19017,IA,Bremer,12.6,4.8,8.3
19019,IA,Buchanan,12.6,4.8,8.3
19021,IA,Buena Vista,12.6,4.8,8.3
19023,IA,Butler,12.6,4.8,8.3
19025,IA,Calhoun,12.6,4.8,8.3
19027,IA,Carroll,12.6,4.8,8.3
19029,IA,Cass,12.6,4.8,8.3
19031,IA,Cedar,12.6,4.8,8.3
19033,IA,Cerro Gordo,12.6,4.8,8.3
19035,IA,Cherokee,12.6,4.8,8.3
19037,IA,Chickasaw,12.6,4.8,8.3
19039,IA,Clarke,12.6,4.8,8.3
19041,IA,Clay,12.6,4.8,8.3
19043,IA,Clayton,12.6,4.8,8.3
19045,IA,Clinton,12.6,4.8,8.3
19047,IA,Crawford,12.6,4.8,8.3
19049,IA,Dallas,12.6,4.8,8.3
19051,IA,Davis,12.6,4.8,8.3
19053,IA,Decatur,12.6,4.8,8.3
19055,IA,Delaware,12.6,4.8,8.3
19057,IA,Des Moines,12.6,4.8,8.3
19059,IA,Dickinson,12.6,4.8,8.3
19061,IA,Dubuque,12.6,4.8,8.3
19063,IA,Emmet,12.6,4.8,8.3
19065,IA,Fayette,12.6,4.8,8.3
19067,IA,Floyd,12.6,4.8,8.3
19069,IA,Franklin,12.6,4.8,8.3
19071,IA,Fremont,12.6,4.8,8.3
19073,IA,Greene,12.6,4.8,8.3
19075,IA,Grundy,12.6,4.8,8.3
19077,IA,Guthrie,12.6,4.8,8.3
19079,IA,Hamilton,12.6,4.8,8.3
19081,IA,Hancock,12.6,4.8,8.3
19083,IA,Hardin,12.6,4.8,8.3
19085,IA,Harrison,12.6,4.8,8.3
19087,IA,Henry,12.6,4.8,8.3
19089,IA,Howard,12.6,4.8,8.3
19091,IA,Humboldt,12.6,4.8,8.3
19093,IA,Ida,12.6,4.8,8.3
19095,IA,Iowa,12.6,4.8,8.3
19097,IA,Jackson,12.6,4.8,8.3
19099,IA,Jasper,12.6,4.8,8.3
19101,IA,Jefferson,12.6,4.8,8.3
19103,IA,Johnson,12.6,4.8,8.3
19105,IA,Jones,12.6,4.8,8.3
19107,IA,Keokuk,12.6,4.8,8.3
19109,IA,Kossuth,12.6,4.8,8.3
19111,IA,Lee,12.6,4.8,8.3
19113,IA,Linn,12.6,4.8,8.3
19115,IA,Louisa,12.6,4.8,8.3
19117,IA,Lucas,12.6,4.8,8.3
19119,IA,Lyon,12.6,4.8,8.3
19121,IA,Madison,12.6,4.8,8.3
19123,IA,Mahaska,12.6,4.8,8.3
19125,IA,Marion,12.6,4.8,8.3
19127,IA,Marshall,12.6,4.8,8.3
19129,IA,Mills,12.6,4.8,8.3
19131,IA,Mitchell,12.6,4.8,8.3
19133,IA,Monona,12.6,4.8,8.3
19135,IA,Monroe,12.6,4.8,8.3
19137,IA,Montgomery,12.6,4.8,8.3
19139,IA,Muscatine,12.6,4.8,8.3
19141,IA,O'Brien,12.6,4.8,8.3
19143,IA,Osceola,12.6,4.8,8.3
19145,IA,Page,12.6,4.8,8.3
19147,IA,Palo Alto,12.6,4.8,8.3
19149,IA,Plymouth,12.6,4.8,8.3
19151,IA,Pocahontas,12.6,4.8,8.3
19153,IA,Polk,12.6,4.8,8.3
19155,IA,Pottawattamie,12.6,4.8,8.3
19157,IA,Poweshiek,12.6,4.8,8.3
19159,IA,Ringgold,12.6,4.8,8.3
19161,IA,Sac,12.6,4.8,8.3
19163,IA,Scott,12.6,4.8,8.3
19165,IA,Shelby,12.6,4.8,8.3
19167,IA,Sioux,12.6,4.8,8.3
19169,IA,Story,12.6,4.8,8.3
19171,IA,Tama,12.6,4.8,8.3
19173,IA,Taylor,12.6,4.8,8.3
19175,IA,Union,12.6,4.8,8.3
19177,IA,Van Buren,12.6,4.8,8.3
19179,IA,Wapello,12.6,4.8,8.3
19181,IA,Warren,12.6,4.8,8.3
19183,IA,Washington,12.6,4.8,8.3
19185,IA,Wayne,12.6,4.8,8.3
19187,IA,Webster,12.6,4.8,8.3
19189,IA,Winnebago,12.6,4.8,8.3
19191,IA,Winneshiek,12.6,4.8,8.3
19193,IA,Woodbury,12.6,4.8,8.3
19195,IA,Worth,12.6,4.8,8.3
19197,IA,Wright,12.6,4.8,8.3
20001,KS,Allen,14.4,5.5,9.3
20003,KS,Anderson,14.4,5.5,9.3
20005,KS,Atchison,14.4,5.5,9.3
20007,KS,Barber,14.4,5.5,9.3
20009,KS,Barton,14.4,5.5,9.3
20011,KS,Bourbon,14.4,5.5,9.3
20013,KS,Brown,14.4,5.5,9.3
20015,KS,Butler,14.4,5.5,9.3
20017,KS,Chase,14.4,5.5,9.3
20019,KS,Chautauqua,14.4,5.5,9.3
20021,KS,Cherokee,14.4,5.5,9.3
20023,KS,Cheyenne,14.4,5.5,9.3
20025,KS,Clark,14.4,5.5,9.3
20027,KS,Clay,14.4,5.5,9.3
20029,KS,Cloud,14.4,5.5,9.3
20031,KS,Coffey,14.4,5.5,9.3
20033,KS,Comanche,14.4,5.5,9.3
20035,KS,Cowley,14.4,5.5,9.3
20037,KS,Crawford,14.4,5.5,9.3
20039,KS,Decatur,14.4,5.5,9.3
20041,KS,Dickinson,14.4,5.5,9.3
20043,KS,Doniphan,14.4,5.5,9.3
20045,KS,Douglas,14.4,5.5,9.3
20047,KS,Edwards,14.4,5.5,9.3
20049,KS,Elk,14.4,5.5,9.3
20051,KS,Ellis,14.4,5.5,9.3
20053,KS,Ellsworth,14.4,5.5,9.3
20055,KS,Finney,14.4,5.5,9.3
20057,KS,Ford,14.4,5.5,9.3
20059,KS,Franklin,14.4,5.5,9.3
20061,KS,Geary,14.4,5.5,9.3
20063,KS,Gove,14.4,5.5,9.3
20065,KS,Graham,14.4,5.5,9.3
20067,KS,Grant,14.4,5.5,9.3
20069,KS,Gray,14.4,5.5,9.3
20071,KS,Greeley,14.4,5.5,9.3
20073,KS,Greenwood,14.4,5.5,9.3
20075,KS,Hamilton,14.4,5.5,9.3
20077,KS,Harper,14.4,5.5,9.3
20079,KS,Harvey,14.4,5.5,9.3
20081,KS,Haskell,14.4,5.5,9.3
20083,KS,Hodgeman,14.4,5.5,9.3
20085,KS,Jackson,14.4,5.5,9.3
20087,KS,Jefferson,14.4,5.5,9.3
20089,KS,Jewell,14.4,5.5,9.3
20091,KS,Johnson,14.4,5.5,9.3
20093,KS,Kearny,14.4,5.5,9.3
20095,KS,Kingman,14.4,5.5,9.3
20097,KS,Kiowa,14.4,5.5,9.3
20099,KS,Labette,14.4,5.5,9.3
20101,KS,Lane,14.4,5.5,9.3
20103,KS,Leavenworth,14.4,5.5,9.3
20105,KS,Lincoln,14.4,5.5,9.3
20107,KS,Linn,14.4,5.5,9.3
20109,KS,Logan,14.4,5.5,9.3
20111,KS,Lyon,14.4,5.5,9.3
20113,KS,McPherson,14.4,5.5,9.3
20115,KS,Marion,14.4,5.5,9.3
20117,KS,Marshall,14.4,5.5,9.3
20119,KS,Meade,14.4,5.5,9.3
20121,KS,Miami,14.4,5.5,9.3
20123,KS,Mitchell,14.4,5.5,9.3
20125,KS,Montgomery,14.4,5.5,9.3
20127,KS,Morris,14.4,5.5,9.3
20129,KS,Morton,14.4,5.5,9.3
20131,KS,Nemaha,14.4,5.5,9.3
20133,KS,Neosho,14.4,5.5,9.3
20135,KS,Ness,14.4,5.5,9.3
20137,KS,Norton,14.4,5.5,9.3
20139,KS,Osage,14.4,5.5,9.3
20141,KS,Osborne,14.4,5.5,9.3
20143,KS,Ottawa,14.4,5.5,9.3
20145,KS,Pawnee,14.4,5.5,9.3
20147,KS,Phillips,14.4,5.5,9.3
20149,KS,Pottawatomie,14.4,5.5,9.3
20151,KS,Pratt,14.4,5.5,9.3
20153,KS,Rawlins,14.4,5.5,9.3
20155,KS,Reno,14.4,5.5,9.3
20157,KS,Republic,14.4,5.5,9.3
20159,KS,Rice,14.4,5.5,9.3
20161,KS,Riley,14.4,5.5,9.3
20163,KS,Rooks,14.4,5.5,9.3
20165,KS,Rush,14.4,5.5,9.3
20167,KS,Russell,14.4,5.5,9.3
20169,KS,Saline,14.4,5.5,9.3
20171,KS,Scott,14.4,5.5,9.3
20173,KS,Sedgwick,14.4,5.5,9.3
20175,KS,Seward,14.4,5.5,9.3
20177,KS,Shawnee,14.4,5.5,9.3
20179,KS,Sheridan,14.4,5.5,9.3
20181,KS,Sherman,14.4,5.5,9.3
20183,KS,Smith,14.4,5.5,9.3
20185,KS,Stafford,14.4,5.5,9.3
20187,KS,Stanton,14.4,5.5,9.3
20189,KS,Stevens,14.4,5.5,9.3
20191,KS,Sumner,14.4,5.5,9.3
20193,KS,Thomas,14.4,5.5,9.3
20195,KS,Trego,14.4,5.5,9.3
20197,KS,Wabaunsee,14.4,5.5,9.3
20199,KS,Wallace,14.4,5.5,9.3
20201,KS,Washington,14.4,5.5,9.3
20203,KS,Wichita,14.4,5.5,9.3
20205,KS,Wilson,14.4,5.5,9.3
20207,KS,Woodson,14.4,5.5,9.3
20209,KS,Wyandotte,14.4,5.5,9.3
21001,KY,Adair,15.6,6.2,10
21003,KY,Allen,15.6,6.2,10
21005,KY,Anderson,15.6,6.2,10
21007,KY,Ballard,15.6,6.2,10
21009,KY,Barren,15.6,6.2,10
21011,KY,Bath,15.6,6.2,10
21013,KY,Bell,15.6,6.2,10
21015,KY,Boone,15.6,6.2,10
21017,KY,Bourbon,15.6,6.2,10
21019,KY,Boyd,15.6,6.2,10
21021,KY,Boyle,15.6,6.2,10
21023,KY,Bracken,15.6,6.2,10
21025,KY,Breathitt,15.6,6.2,10
21027,KY,Breckinridge,15.6,6.2,10
21029,KY,Bullitt,15.6,6.2,10
21031,KY,Butler,15.6,6.2,10
21033,KY,Caldwell,15.6,6.2,10
21035,KY,Calloway,15.6,6.2,10
21037,KY,Campbell,15.6,6.2,10
21039,KY,Carlisle,15.6,6.2,10
21041,KY,Carroll,15.6,6.2,10
21043,KY,Carter,15.6,6.2,10
21045,KY,Casey,15.6,6.2,10
21047,KY,Christian,15.6,6.2,10
21049,KY,Clark,15.6,6.2,10
21051,KY,Clay,15.6,6.2,10
21053,KY,Clinton,15.6,6.2,10
21055,KY,Crittenden,15.6,6.2,10
21057,KY,Cumberland,15.6,6.2,10
21059,KY,Daviess,15.6,6.2,10
21061,KY,Edmonson,15.6,6.2,10
21063,KY,Elliott,15.6,6.2,10
21065,KY,Estill,15.6,6.2,10
21067,KY,Fayette,15.6,6.2,10
21069,KY,Fleming,15.6,6.2,10
21071,KY,Floyd,15.6,6.2,10
21073,KY,Franklin,15.6,6.2,10
21075,KY,Fulton,15.6,6.2,10
21077,KY,Gallatin,15.6,6.2,10
21079,KY,Garrard,15.6,6.2,10
21081,KY,Grant,15.6,6.2,10
21083,KY,Graves,15.6,6.2,10
21085,KY,Grayson,15.6,6.2,10
21087,KY,Green,15.6,6.2,10
21089,KY,Greenup,15.6,6.2,10
21091,KY,Hancock,15.6,6.2,10
21093,KY,Hardin,15.6,6.2,10
21095,KY,Harlan,15.6,6.2,10
21097,KY,Harrison,15.6,6.2,10
21099,KY,Hart,15.6,6.2,10
21101,KY,Henderson,15.6,6.2,10
21103,KY,Henry,15.6,6.2,10
21105,KY,Hickman,15.6,6.2,10
21107,KY,Hopkins,15.6,6.2,10
21109,KY,Jackson,15.6,6.2,10
21111,KY,Jefferson,15.6,6.2,10
21113,KY,Jessamine,15.6,6.2,10
21115,KY,Johnson,15.6,6.2,10
21117,KY,Kenton,15.6,6.2,10
21119,KY,Knott,15.6,6.2,10
21121,KY,Knox,15.6,6.2,10
21123,KY,Larue,15.6,6.2,10
21125,KY,Laurel,15.6,6.2,10
21127,KY,Lawrence,15.6,6.2,10
21129,KY,Lee,15.6,6.2,10
21131,KY,Leslie,15.6,6.2,10
21133,KY,Letcher,15.6,6.2,10
21135,KY,Lewis,15.6,6.2,10
21137,KY,Lincoln,15.6,6.2,10
21139,KY,Livingston,15.6,6.2,10
21141,KY,Logan,15.6,6.2,10
21143,KY,Lyon,15.6,6.2,10
21145,KY,McCracken,15.6,6.2,10
21147,KY,McCreary,15.6,6.2,10
21149,KY,McLean,15.6,6.2,10
21151,KY,Madison,15.6,6.2,10
21153,KY,Magoffin,15.6,6.2,10
21155,KY,Marion,15.6,6.2,10
21157,KY,Marshall,15.6,6.2,10
21159,KY,Martin,15.6,6.2,10
21161,KY,Mason,15.6,6.2,10
21163,KY,Meade,15.6,6.2,10
21165,KY,Menifee,15.6,6.2,10
21167,KY,Mercer,15.6,6.2,10
21169,KY,Metcalfe,15.6,6.2,10
21171,KY,Monroe,15.6,6.2,10
21173,KY,Montgomery,15.6,6.2,10
21175,KY,Morgan,15.6,6.2,10
21177,KY,Muhlenberg,15.6,6.2,10
21179,KY,Nelson,15.6,6.2,10
21181,KY,Nicholas,15.6,6.2,10
21183,KY,Ohio,15.6,6.2,10
21185,KY,Oldham,15.6,6.2,10
21187,KY,Owen,15.6,6.2,10
21189,KY,Owsley,15.6,6.2,10
21191,KY,Pendleton,15.6,6.2,10
21193,KY,Perry,15.6,6.2,10
21195,KY,Pike,15.6,6.2,10
21197,KY,Powell,15.6,6.2,10
21199,KY,Pulaski,15.6,6.2,10
21201,KY,Robertson,15.6,6.2,10
21203,KY,Rockcastle,15.6,6.2,10
21205,KY,Rowan,15.6,6.2,10
21207,KY,Russell,15.6,6.2,10
21209,KY,Scott,15.6,6.2,10
21211,KY,Shelby,15.6,6.2,10
21213,KY,Simpson,15.6,6.2,10
21215,KY,Spencer,15.6,6.2,10
21217,KY,Taylor,15.6,6.2,10
21219,KY,Todd,15.6,6.2,10
21221,KY,Trigg,15.6,6.2,10
21223,KY,Trimble,15.6,6.2,10
21225,KY,Union,15.6,6.2,10
21227,KY,Warren,15.6,6.2,10
21229,KY,Washington,15.6,6.2,10
21231,KY,Wayne,15.6,6.2,10
21233,KY,Webster,15.6,6.2,10
21235,KY,Whitley,15.6,6.2,10
21237,KY,Wolfe,15.6,6.2,10
21239,KY,Woodford,15.6,6.2,10
22001,LA,Acadia,15.7,4.8,9
22003,LA,Allen,15.7,4.8,9
22005,LA,Ascension,15.7,4.8,9
22007,LA,Assumption,15.7,4.8,9
22009,LA,Avoyelles,15.7,4.8,9
22011,LA,Beauregard,15.7,4.8,9
22013,LA,Bienville,15.7,4.8,9
22015,LA,Bossier,15.7,4.8,9
22017,LA,Caddo,15.7,4.8,9
22019,LA,Calcasieu,15.7,4.8,9
22021,LA,Caldwell,15.7,4.8,9
22023,LA,Cameron,15.7,4.8,9
22025,LA,Catahoula,15.7,4.8,9
22027,LA,Claiborne,15.7,4.8,9
22029,LA,Concordia,15.7,4.8,9
22031,LA,De Soto,15.7,4.8,9
22033,LA,East Baton Rouge,15.7,4.8,9
22035,LA,East Carroll,15.7,4.8,9
22037,LA,East Feliciana,15.7,4.8,9
22039,LA,Evangeline,15.7,4.8,9
22041,LA,Franklin,15.7,4.8,9
22043,LA,Grant,15.7,4.8,9
22045,LA,Iberia,15.7,4.8,9
22047,LA,Iberville,15.7,4.8,9
22049,LA,Jackson,15.7,4.8,9
22051,LA,Jefferson,15.7,4.8,9
22053,LA,Jefferson Davis,15.7,4.8,9
22055,LA,Lafayette,15.7,4.8,9
22057,LA,Lafourche,15.7,4.8,9
22059,LA,La Salle,15.7,4.8,9
22061,LA,Lincoln,15.7,4.8,9
22063,LA,Livingston,15.7,4.8,9
22065,LA,Madison,15.7,4.8,9
22067,LA,Morehouse,15.7,4.8,9
22069,LA,Natchitoches,15.7,4.8,9
22071,LA,Orleans,15.7,4.8,9
22073,LA,Ouachita,15.7,4.8,9
22075,LA,Plaquemines,15.7,4.8,9
22077,LA,Pointe Coupee,15.7,4.8,9
22079,LA,Rapides,15.7,4.8,9
22081,LA,Red River,15.7,4.8,9
22083,LA,Richland,15.7,4.8,9
22085,LA,Sabine,15.7,4.8,9
22087,LA,St. Bernard,15.7,4.8,9
22089,LA,St. Charles,15.7,4.8,9
22091,LA,St. Helena,15.7,4.8,9
22093,LA,St. James,15.7,4.8,9
22095,LA,St. John the Baptist,15.7,4.8,9
22097,LA,St. Landry,15.7,4.8,9
22099,LA,St. Martin,15.7,4.8,9
22101,LA,St. Mary,15.7,4.8,9
22103,LA,St. Tammany,15.7,4.8,9
22105,LA,Tangipahoa,15.7,4.8,9
22107,LA,Tensas,15.7,4.8,9
22109,LA,Terrebonne,15.7,4.8,9
22111,LA,Union,15.7,4.8,9
22113,LA,Vermilion,15.7,4.8,9
22115,LA,Vernon,15.7,4.8,9
22117,LA,Washington,15.7,4.8,9
22119,LA,Webster,15.7,4.8,9
22121,LA,West Baton Rouge,15.7,4.8,9
22123,LA,West Carroll,15.7,4.8,9
22125,LA,West Feliciana,15.7,4.8,9
22127,LA,Winn,15.7,4.8,9
23001,ME,Androscoggin,14.9,7.1,10.3
23003,ME,Aroostook,14.9,7.1,10.3
23005,ME,Cumberland,14.9,7.1,10.3
23007,ME,Franklin,14.9,7.1,10.3
23009,ME,Hancock,14.9,7.1,10.3
23011,ME,Kennebec,14.9,7.1,10.3
23013,ME,Knox,14.9,7.1,10.3
23015,ME,Lincoln,14.9,7.1,10.3
23017,ME,Oxford,14.9,7.1,10.3
23019,ME,Penobscot,14.9,7.1,10.3
23021,ME,Piscataquis,14.9,7.1,10.3
23023,ME,Sagadahoc,14.9,7.1,10.3
23025,ME,Somerset,14.9,7.1,10.3
23027,ME,Waldo,14.9,7.1,10.3
23029,ME,Washington,14.9,7.1,10.3
23031,ME,York,14.9,7.1,10.3
24001,MD,Allegany,13,5.1,7.9
24003,MD,Anne Arundel,13,5.1,7.9
24005,MD,Baltimore,13,5.1,7.9
24009,MD,Calvert,13,5.1,7.9
24011,MD,Caroline,13,5.1,7.9
24013,MD,Carroll,13,5.1,7.9
24015,MD,Cecil,13,5.1,7.9
24017,MD,Charles,13,5.1,7.9
24019,MD,Dorchester,13,5.1,7.9
24021,MD,Frederick,13,5.1,7.9
24023,MD,Garrett,13,5.1,7.9
24025,MD,Harford,13,5.1,7.9
24027,MD,Howard,13,5.1,7.9
24029,MD,Kent,13,5.1,7.9
24031,MD,Montgomery,13,5.1,7.9
24033,MD,Prince George's,13,5.1,7.9
24035,MD,Queen Anne's,13,5.1,7.9
24037,MD,St. Mary's,13,5.1,7.9
24039,MD,Somerset,13,5.1,7.9
24041,MD,Talbot,13,5.1,7.9
24043,MD,Washington,13,5.1,7.9
24045,MD,Wicomico,13,5.1,7.9
24047,MD,Worcester,13,5.1,7.9
24510,MD,Baltimore,13,5.1,7.9
25001,MA,Barnstable,11.4,4.2,7.1
25003,MA,Berkshire,11.4,4.2,7.1
25005,MA,Bristol,11.4,4.2,7.1
25007,MA,Dukes,11.4,4.2,7.1
25009,MA,Essex,11.4,4.2,7.1
25011,MA,Franklin,11.4,4.2,7.1
25013,MA,Hampden,11.4,4.2,7.1
25015,MA,Hampshire,11.4,4.2,7.1
25017,MA,Middlesex,11.4,4.2,7.1
25019,MA,Nantucket,11.4,4.2,7.1
25021,MA,Norfolk,11.4,4.2,7.1
25023,MA,Plymouth,11.4,4.2,7.1
25025,MA,Suffolk,11.4,4.2,7.1
25027,MA,Worcester,11.4,4.2,7.1
26001,MI,Alcona,13.4,5.3,8
26003,MI,Alger,13.4,5.3,8
26005,MI,Allegan,13.4,5.3,8
26007,MI,Alpena,13.4,5.3,8
26009,MI,Antrim,13.4,5.3,8
26011,MI,Arenac,13.4,5.3,8
26013,MI,Baraga,13.4,5.3,8
26015,MI,Barry,13.4,5.3,8
26017,MI,Bay,13.4,5.3,8
26019,MI,Benzie,13.4,5.3,8
26021,MI,Berrien,13.4,5.3,8
26023,MI,Branch,13.4,5.3,8
26025,MI,Calhoun,13.4,5.3,8
26027,MI,Cass,13.4,5.3,8
26029,MI,Charlevoix,13.4,5.3,8
26031,MI,Cheboygan,13.4,5.3,8
26033,MI,Chippewa,13.4,5.3,8
26035,MI,Clare,13.4,5.3,8
26037,MI,Clinton,13.4,5.3,8
26039,MI,Crawford,13.4,5.3,8
26041,MI,Delta,13.4,5.3,8
26043,MI,Dickinson,13.4,5.3,8
26045,MI,Eaton,13.4,5.3,8
26047,MI,Emmet,13.4,5.3,8
26049,MI,Genesee,13.4,5.3,8
26051,MI,Gladwin,13.4,5.3,8
26053,MI,Gogebic,13.4,5.3,8
26055,MI,Grand Traverse,13.4,5.3,8
26057,MI,Gratiot,13.4,5.3,8
26059,MI,Hillsdale,13.4,5.3,8
26061,MI,Houghton,13.4,5.3,8
26063,MI,Huron,13.4,5.3,8
26065,MI,Ingham,13.4,5.3,8
26067,MI,Ionia,13.4,5.3,8
26069,MI,Iosco,13.4,5.3,8
26071,MI,Iron,13.4,5.3,8
26073,MI,Isabella,13.4,5.3,8
26075,MI,Jackson,13.4,5.3,8
26077,MI,Kalamazoo,13.4,5.3,8
26079,MI,Kalkaska,13.4,5.3,8
26081,MI,Kent,13.4,5.3,8
26083,MI,Keweenaw,13.4,5.3,8
26085,MI,Lake,13.4,5.3,8
26087,MI,Lapeer,13.4,5.3,8
26089,MI,Leelanau,13.4,5.3,8
26091,MI,Lenawee,13.4,5.3,8
26093,MI,Livingston,13.4,5.3,8
26095,MI,Luce,13.4,5.3,8
26097,MI,Mackinac,13.4,5.3,8
26099,MI,Macomb,13.4,5.3,8
26101,MI,Manistee,13.4,5.3,8
26103,MI,Marquette,13.4,5.3,8
26105,MI,Mason,13.4,5.3,8
26107,MI,Mecosta,13.4,5.3,8
26109,MI,Menominee,13.4,5.3,8
26111,MI,Midland,13.4,5.3,8
26113,MI,Missaukee,13.4,5.3,8
26115,MI,Monroe,13.4,5.3,8
26117,MI,Montcalm,13.4,5.3,8
26119,MI,Montmorency,13.4,5.3,8
26121,MI,Muskegon,13.4,5.3,8
26123,MI,Newaygo,13.4,5.3,8
26125,MI,Oakland,13.4,5.3,8
26127,MI,Oceana,13.4,5.3,8
26129,MI,Ogemaw,13.4,5.3,8
26131,MI,Ontonagon,13.4,5.3,8
26133,MI,Osceola,13.4,5.3,8
26135,MI,Oscoda,13.4,5.3,8
26137,MI,Otsego,13.4,5.3,8
26139,MI,Ottawa,13.4,5.3,8
26141,MI,Presque Isle,13.4,5.3,8
26143,MI,Roscommon,13.4,5.3,8
26145,MI,Saginaw,13.4,5.3,8
26147,MI,St. Clair,13.4,5.3,8
26149,MI,St. Joseph,13.4,5.3,8
26151,MI,Sanilac,13.4,5.3,8
26153,MI,Schoolcraft,13.4,5.3,8
26155,MI,Shiawassee,13.4,5.3,8
26157,MI,Tuscola,13.4,5.3,8
26159,MI,Van Buren,13.4,5.3,8
26161,MI,Washtenaw,13.4,5.3,8
26163,MI,Wayne,13.4,5.3,8
26165,MI,Wexford,13.4,5.3,8
27001,MN,Aitkin,10.6,4.8,7.1
27003,MN,Anoka,10.6,4.8,7.1
27005,MN,Becker,10.6,4.8,7.1
27007,MN,Beltrami,10.6,4.8,7.1
27009,MN,Benton,10.6,4.8,7.1
27011,MN,Big Stone,10.6,4.8,7.1
27013,MN,Blue Earth,10.6,4.8,7.1
27015,MN,Brown,10.6,4.8,7.1
27017,MN,Carlton,10.6,4.8,7.1
27019,MN,Carver,10.6,4.8,7.1
27021,MN,Cass,10.6,4.8,7.1
27023,MN,Chippewa,10.6,4.8,7.1
27025,MN,Chisago,10.6,4.8,7.1
27027,MN,Clay,10.6,4.8,7.1
27029,MN,Clearwater,10.6,4.8,7.1
27031,MN,Cook,10.6,4.8,7.1
27033,MN,Cottonwood,10.6,4.8,7.1
27035,MN,Crow Wing,10.6,4.8,7.1
27037,MN,Dakota,10.6,4.8,7.1
27039,MN,Dodge,10.6,4.8,7.1
27041,MN,Douglas,10.6,4.8,7.1
27043,MN,Faribault,10.6,4.8,7.1
27045,MN,Fillmore,10.6,4.8,7.1
27047,MN,Freeborn,10.6,4.8,7.1
27049,MN,Goodhue,10.6,4.8,7.1
27051,MN,Grant,10.6,4.8,7.1
27053,MN,Hennepin,10.6,4.8,7.1
27055,MN,Houston,10.6,4.8,7.1
27057,MN,Hubbard,10.6,4.8,7.1
27059,MN,Isanti,10.6,4.8,7.1
27061,MN,Itasca,10.6,4.8,7.1
27063,MN,Jackson,10.6,4.8,7.1
27065,MN,Kanabec,10.6,4.8,7.1
27067,MN,Kandiyohi,10.6,4.8,7.1
27069,MN,Kittson,10.6,4.8,7.1
27071,MN,Koochiching,10.6,4.8,7.1
27073,MN,Lac qui Parle,10.6,4.8,7.1
27075,MN,Lake,10.6,4.8,7.1
27077,MN,Lake of the Woods,10.6,4.8,7.1
27079,MN,Le Sueur,10.6,4.8,7.1
27081,MN,Lincoln,10.6,4.8,7.1
27083,MN,Lyon,10.6,4.8,7.1
27085,MN,McLeod,10.6,4.8,7.1
27087,MN,Mahnomen,10.6,4.8,7.1
27089,MN,Marshall,10.6,4.8,7.1
27091,MN,Martin,10.6,4.8,7.1
27093,MN,Meeker,10.6,4.8,7.1
27095,MN,Mille Lacs,10.6,4.8,7.1
27097,MN,Morrison,10.6,4.8,7.1
27099,MN,Mower,10.6,4.8,7.1
27101,MN,Murray,10.6,4.8,7.1
27103,MN,Nicollet,10.6,4.8,7.1
27105,MN,Nobles,10.6,4.8,7.1
27107,MN,Norman,10.6,4.8,7.1
27109,MN,Olmsted,10.6,4.8,7.1
27111,MN,Otter Tail,10.6,4.8,7.1
27113,MN,Pennington,10.6,4.8,7.1
27115,MN,Pine,10.6,4.8,7.1
27117,MN,Pipestone,10.6,4.8,7.1
27119,MN,Polk,10.6,4.8,7.1
27121,MN,Pope,10.6,4.8,7.1
27123,MN,Ramsey,10.6,4.8,7.1
27125,MN,Red Lake,10.6,4.8,7.1
27127,MN,Redwood,10.6,4.8,7.1
27129,MN,Renville,10.6,4.8,7.1
27131,MN,Rice,10.6,4.8,7.1
27133,MN,Rock,10.6,4.8,7.1
27135,MN,Roseau,10.6,4.8,7.1
27137,MN,St. Louis,10.6,4.8,7.1
27139,MN,Scott,10.6,4.8,7.1
27141,MN,Sherburne,10.6,4.8,7.1
27143,MN,Sibley,10.6,4.8,7.1
27145,MN,Stearns,10.6,4.8,7.1
27147,MN,Steele,10.6,4.8,7.1
27149,MN,Stevens,10.6,4.8,7.1
27151,MN,Swift,10.6,4.8,7.1
27153,MN,Todd,10.6,4.8,7.1
27155,MN,Traverse,10.6,4.8,7.1
27157,MN,Wabasha,10.6,4.8,7.1
27159,MN,Wadena,10.6,4.8,7.1
27161,MN,Waseca,10.6,4.8,7.1
27163,MN,Washington,10.6,4.8,7.1
27165,MN,Watonwan,10.6,4.8,7.1
27167,MN,Wilkin,10.6,4.8,7.1
27169,MN,Winona,10.6,4.8,7.1
27171,MN,Wright,10.6,4.8,7.1
27173,MN,Yellow Medicine,10.6,4.8,7.1
28001,MS,Adams,20.9,6.9,12.4
28003,MS,Alcorn,20.9,6.9,12.4
28005,MS,Amite,20.9,6.9,12.4
28007,MS,Attala,20.9,6.9,12.4
28009,MS,Benton,20.9,6.9,12.4
28011,MS,Bolivar,20.9,6.9,12.4
28013,MS,Calhoun,20.9,6.9,12.4
28015,MS,Carroll,20.9,6.9,12.4
28017,MS,Chickasaw,20.9,6.9,12.4
28019,MS,Choctaw,20.9,6.9,12.4
28021,MS,Claiborne,20.9,6.9,12.4
28023,MS,Clarke,20.9,6.9,12.4
28025,MS,Clay,20.9,6.9,12.4
28027,MS,Coahoma,20.9,6.9,12.4
28029,MS,Copiah,20.9,6.9,12.4
28031,MS,Covington,20.9,6.9,12.4
28033,MS,DeSoto,20.9,6.9,12.4
28035,MS,Forrest,20.9,6.9,12.4
28037,MS,Franklin,20.9,6.9,12.4
28039,MS,George,20.9,6.9,12.4
28041,MS,Greene,20.9,6.9,12.4
28043,MS,Grenada,20.9,6.9,12.4
28045,MS,Hancock,20.9,6.9,12.4
28047,MS,Harrison,20.9,6.9,12.4
28049,MS,Hinds,20.9,6.9,12.4
28051,MS,Holmes,20.9,6.9,12.4
28053,MS,Humphreys,20.9,6.9,12.4
28055,MS,Issaquena,20.9,6.9,12.4
28057,MS,Itawamba,20.9,6.9,12.4
28059,MS,Jackson,20.9,6.9,12.4
28061,MS,Jasper,20.9,6.9,12.4
28063,MS,Jefferson,20.9,6.9,12.4
28065,MS,Jefferson Davis,20.9,6.9,12.4
28067,MS,Jones,20.9,6.9,12.4
28069,MS,Kemper,20.9,6.9,12.4
28071,MS,Lafayette,20.9,6.9,12.4
28073,MS,Lamar,20.9,6.9,12.4
28075,MS,Lauderdale,20.9,6.9,12.4
28077,MS,Lawrence,20.9,6.9,12.4
28079,MS,Leake,20.9,6.9,12.4
28081,MS,Lee,20.9,6.9,12.4
28083,MS,Leflore,20.9,6.9,12.4
28085,MS,Lincoln,20.9,6.9,12.4
28087,MS,Lowndes,20.9,6.9,12.4
28089,MS,Madison,20.9,6.9,12.4
28091,MS,Marion,20.9,6.9,12.4
28093,MS,Marshall,20.9,6.9,12.4
28095,MS,Monroe,20.9,6.9,12.4
28097,MS,Montgomery,20.9,6.9,12.4
28099,MS,Neshoba,20.9,6.9,12.4
28101,MS,Newton,20.9,6.9,12.4
28103,MS,Noxubee,20.9,6.9,12.4
28105,MS,Oktibbeha,20.9,6.9,12.4
28107,MS,Panola,20.9,6.9,12.4
28109,MS,Pearl River,20.9,6.9,12.4
28111,MS,Perry,20.9,6.9,12.4
28113,MS,Pike,20.9,6.9,12.4
28115,MS,Pontotoc,20.9,6.9,12.4
28117,MS,Prentiss,20.9,6.9,12.4
28119,MS,Quitman,20.9,6.9,12.4
28121,MS,Rankin,20.9,6.9,12.4
28123,MS,Scott,20.9,6.9,12.4
28125,MS,Sharkey,20.9,6.9,12.4
28127,MS,Simpson,20.9,6.9,12.4
28129,MS,Smith,20.9,6.9,12.4
28131,MS,Stone,20.9,6.9,12.4
28133,MS,Sunflower,20.9,6.9,12.4
28135,MS,Tallahatchie,20.9,6.9,12.4
28137,MS,Tate,20.9,6.9,12.4
28139,MS,Tippah,20.9,6.9,12.4
28141,MS,Tishomingo,20.9,6.9,12.4
28143,MS,Tunica,20.9,6.9,12.4
28145,MS,Union,20.9,6.9,12.4
28147,MS,Walthall,20.9,6.9,12.4
28149,MS,Warren,20.9,6.9,12.4
28151,MS,Washington,20.9,6.9,12.4
28153,MS,Wayne,20.9,6.9,12.4
28155,MS,Webster,20.9,6.9,12.4
28157,MS,Wilkinson,20.9,6.9,12.4
28159,MS,Winston,20.9,6.9,12.4
28161,MS,Yalobusha,20.9,6.9,12.4
28163,MS,Yazoo,20.9,6.9,12.4
29001,MO,Adair,16.7,7.6,9
29003,MO,Andrew,16.7,7.6,9
29005,MO,Atchison,16.7,7.6,9
29007,MO,Audrain,16.7,7.6,9
29009,MO,Barry,16.7,7.6,9
29011,MO,Barton,16.7,7.6,9
29013,MO,Bates,16.7,7.6,9
29015,MO,Benton,16.7,7.6,9
29017,MO,Bollinger,16.7,7.6,9
29019,MO,Boone,16.7,7.6,9
29021,MO,Buchanan,16.7,7.6,9
29023,MO,Butler,16.7,7.6,9
29025,MO,Caldwell,16.7,7.6,9
29027,MO,Callaway,16.7,7.6,9
29029,MO,Camden,16.7,7.6,9
29031,MO,Cape Girardeau,16.7,7.6,9
29033,MO,Carroll,16.7,7.6,9
29035,MO,Carter,16.7,7.6,9
29037,MO,Cass,16.7,7.6,9
29039,MO,Cedar,16.7,7.6,9
29041,MO,Chariton,16.7,7.6,9
29043,MO,Christian,16.7,7.6,9
29045,MO,Clark,16.7,7.6,9
29047,MO,Clay,16.7,7.6,9
29049,MO,Clinton,16.7,7.6,9
29051,MO,Cole,16.7,7.6,9
29053,MO,Cooper,16.7,7.6,9
29055,MO,Crawford,16.7,7.6,9
29057,MO,Dade,16.7,7.6,9
29059,MO,Dallas,16.7,7.6,9
29061,MO,Daviess,16.7,7.6,9
29063,MO,DeKalb,16.7,7.6,9
29065,MO,Dent,16.7,7.6,9
29067,MO,Douglas,16.7,7.6,9
29069,MO,Dunklin,16.7,7.6,9
29071,MO,Franklin,16.7,7.6,9
29073,MO,Gasconade,16.7,7.6,9
29075,MO,Gentry,16.7,7.6,9
29077,MO,Greene,16.7,7.6,9
29079,MO,Grundy,16.7,7.6,9
29081,MO,Harrison,16.7,7.6,9
29083,MO,Henry,16.7,7.6,9
29085,MO,Hickory,16.7,7.6,9
29087,MO,Holt,16.7,7.6,9
29089,MO,Howard,16.7,7.6,9
29091,MO,Howell,16.7,7.6,9
29093,MO,Iron,16.7,7.6,9
29095,MO,Jackson,16.7,7.6,9
29097,MO,Jasper,16.7,7.6,9
29099,MO,Jefferson,16.7,7.6,9
29101,MO,Johnson,16.7,7.6,9
29103,MO,Knox,16.7,7.6,9
29105,MO,Laclede,16.7,7.6,9
29107,MO,Lafayette,16.7,7.6,9
29109,MO,Lawrence,16.7,7.6,9
29111,MO,Lewis,16.7,7.6,9
29113,MO,Lincoln,16.7,7.6,9
29115,MO,Linn,16.7,7.6,9
29117,MO,Livingston,16.7,7.6,9
29119,MO,McDonald,16.7,7.6,9
29121,MO,Macon,16.7,7.6,9
29123,MO,Madison,16.7,7.6,9
29125,MO,Maries,16.7,7.6,9
29127,MO,Marion,16.7,7.6,9
29129,MO,Mercer,16.7,7.6,9
29131,MO,Miller,16.7,7.6,9
29133,MO,Mississippi,16.7,7.6,9
29135,MO,Moniteau,16.7,7.6,9
29137,MO,Monroe,16.7,7.6,9
29139,MO,Montgomery,16.7,7.6,9
29141,MO,Morgan,16.7,7.6,9
29143,MO,New Madrid,16.7,7.6,9
29145,MO,Newton,16.7,7.6,9
29147,MO,Nodaway,16.7,7.6,9
29149,MO,Oregon,16.7,7.6,9
29151,MO,Osage,16.7,7.6,9
29153,MO,Ozark,16.7,7.6,9
29155,MO,Pemiscot,16.7,7.6,9
29157,MO,Perry,16.7,7.6,9
29159,MO,Pettis,16.7,7.6,9
29161,MO,Phelps,16.7,7.6,9
29163,MO,Pike,16.7,7.6,9
29165,MO,Platte,16.7,7.6,9
29167,MO,Polk,16.7,7.6,9
29169,MO,Pulaski,16.7,7.6,9
29171,MO,Putnam,16.7,7.6,9
29173,MO,Ralls,16.7,7.6,9
29175,MO,Randolph,16.7,7.6,9
29177,MO,Ray,16.7,7.6,9
29179,MO,Reynolds,16.7,7.6,9
29181,MO,Ripley,16.7,7.6,9
29183,MO,St. Charles,16.7,7.6,9
29185,MO,St. Clair,16.7,7.6,9
29186,MO,Ste. Genevieve,16.7,7.6,9
29187,MO,St. Francois,16.7,7.6,9
29189,MO,St. Louis,16.7,7.6,9
29195,MO,Saline,16.7,7.6,9
29197,MO,Schuyler,16.7,7.6,9
29199,MO,Scotland,16.7,7.6,9
29201,MO,Scott,16.7,7.6,9
29203,MO,Shannon,16.7,7.6,9
29205,MO,Shelby,16.7,7.6,9
29207,MO,Stoddard,16.7,7.6,9
29209,MO,Stone,16.7,7.6,9
29211,MO,Sullivan,16.7,7.6,9
29213,MO,Taney,16.7,7.6,9
29215,MO,Texas,16.7,7.6,9
29217,MO,Vernon,16.7,7.6,9
29219,MO,Warren,16.7,7.6,9
29221,MO,Washington,16.7,7.6,9
29223,MO,Wayne,16.7,7.6,9
29225,MO,Webster,16.7,7.6,9
29227,MO,Worth,16.7,7.6,9
29229,MO,Wright,16.7,7.6,9
29510,MO,St. Louis,16.7,7.6,9
30001,MT,Beaverhead,14.1,5.6,9
30003,MT,Big Horn,14.1,5.6,9
30005,MT,Blaine,14.1,5.6,9
30007,MT,Broadwater,14.1,5.6,9
30009,MT,Carbon,14.1,5.6,9
30011,MT,Carter,14.1,5.6,9
30013,MT,Cascade,14.1,5.6,9
30015,MT,Chouteau,14.1,5.6,9
30017,MT,Custer,14.1,5.6,9
30019,MT,Daniels,14.1,5.6,9
30021,MT,Dawson,14.1,5.6,9
30023,MT,Deer Lodge,14.1,5.6,9
30025,MT,Fallon,14.1,5.6,9
30027,MT,Fergus,14.1,5.6,9
30029,MT,Flathead,14.1,5.6,9
30031,MT,Gallatin,14.1,5.6,9
30033,MT,Garfield,14.1,5.6,9
30035,MT,Glacier,14.1,5.6,9
30037,MT,Golden Valley,14.1,5.6,9
30039,MT,Granite,14.1,5.6,9
30041,MT,Hill,14.1,5.6,9
30043,MT,Jefferson,14.1,5.6,9
30045,MT,Judith Basin,14.1,5.6,9
30047,MT,Lake,14.1,5.6,9
30049,MT,Lewis and Clark,14.1,5.6,9
30051,MT,Liberty,14.1,5.6,9
30053,MT,Lincoln,14.1,5.6,9
30055,MT,McCone,14.1,5.6,9
30057,MT,Madison,14.1,5.6,9
30059,MT,Meagher,14.1,5.6,9
30061,MT,Mineral,14.1,5.6,9
30063,MT,Missoula,14.1,5.6,9
30065,MT,Musselshell,14.1,5.6,9
30067,MT,Park,14.1,5.6,9
30069,MT,Petroleum,14.1,5.6,9
30071,MT,Phillips,14.1,5.6,9
30073,MT,Pondera,14.1,5.6,9
30075,MT,Powder River,14.1,5.6,9
30077,MT,Powell,14.1,5.6,9
30079,MT,Prairie,14.1,5.6,9
30081,MT,Ravalli,14.1,5.6,9
30083,MT,Richland,14.1,5.6,9
30085,MT,Roosevelt,14.1,5.6,9
30087,MT,Rosebud,14.1,5.6,9
30089,MT,Sanders,14.1,5.6,9
30091,MT,Sheridan,14.1,5.6,9
30093,MT,Silver Bow,14.1,5.6,9
30095,MT,Stillwater,14.1,5.6,9
30097,MT,Sweet Grass,14.1,5.6,9
30099,MT,Teton,14.1,5.6,9
30101,MT,Toole,14.1,5.6,9
30103,MT,Treasure,14.1,5.6,9
30105,MT,Valley,14.1,5.6,9
30107,MT,Wheatland,14.1,5.6,9
30109,MT,Wibaux,14.1,5.6,9
30111,MT,Yellowstone,14.1,5.6,9
30113,MT,Yellowstone National Park,,,
31001,NE,Adams,13.4,5,8.1
31003,NE,Antelope,13.4,5,8.1
31005,NE,Arthur,13.4,5,8.1
31007,NE,Banner,13.4,5,8.1
31009,NE,Blaine,13.4,5,8.1
31011,NE,Boone,13.4,5,8.1
31013,NE,Box Butte,13.4,5,8.1
31015,NE,Boyd,13.4,5,8.1
31017,NE,Brown,13.4,5,8.1
31019,NE,Buffalo,13.4,5,8.1
31021,NE,Burt,13.4,5,8.1
31023,NE,Butler,13.4,5,8.1
31025,NE,Cass,13.4,5,8.1
31027,NE,Cedar,13.4,5,8.1
31029,NE,Chase,13.4,5,8.1
31031,NE,Cherry,13.4,5,8.1
31033,NE,Cheyenne,13.4,5,8.1
31035,NE,Clay,13.4,5,8.1
31037,NE,Colfax,13.4,5,8.1
31039,NE,Cuming,13.4,5,8.1
31041,NE,Custer,13.4,5,8.1
31043,NE,Dakota,13.4,5,8.1
31045,NE,Dawes,13.4,5,8.1
31047,NE,Dawson,13.4,5,8.1
31049,NE,Deuel,13.4,5,8.1
31051,NE,Dixon,13.4,5,8.1
31053,NE,Dodge,13.4,5,8.1
31055,NE,Douglas,13.4,5,8.1
31057,NE,Dundy,13.4,5,8.1
31059,NE,Fillmore,13.4,5,8.1
31061,NE,Franklin,13.4,5,8.1
31063,NE,Frontier,13.4,5,8.1
31065,NE,Furnas,13.4,5,8.1
31067,NE,Gage,13.4,5,8.1
31069,NE,Garden,13.4,5,8.1
31071,NE,Garfield,13.4,5,8.1
31073,NE,Gosper,13.4,5,8.1
31075,NE,Grant,13.4,5,8.1
31077,NE,Greeley,13.4,5,8.1
31079,NE,Hall,13.4,5,8.1
31081,NE,Hamilton,13.4,5,8.1
31083,NE,Harlan,13.4,5,8.1
31085,NE,Hayes,13.4,5,8.1
31087,NE,Hitchcock,13.4,5,8.1
31089,NE,Holt,13.4,5,8.1
31091,NE,Hooker,13.4,5,8.1
31093,NE,Howard,13.4,5,8.1
31095,NE,Jefferson,13.4,5,8.1
31097,NE,Johnson,13.4,5,8.1
31099,NE,Kearney,13.4,5,8.1
31101,NE,Keith,13.4,5,8.1
31103,NE,Keya Paha,13.4,5,8.1
31105,NE,Kimball,13.4,5,8.1
31107,NE,Knox,13.4,5,8.1
31109,NE,Lancaster,13.4,5,8.1
31111,NE,Lincoln,13.4,5,8.1
31113,NE,Logan,13.4,5,8.1
31115,NE,Loup,13.4,5,8.1
31117,NE,McPherson,13.4,5,8.1
31119,NE,Madison,13.4,5,8.1
31121,NE,Merrick,13.4,5,8.1
31123,NE,Morrill,13.4,5,8.1
31125,NE,Nance,13.4,5,8.1
31127,NE,Nemaha,13.4,5,8.1
31129,NE,Nuckolls,13.4,5,8.1
31131,NE,Otoe,13.4,5,8.1
31133,NE,Pawnee,13.4,5,8.1
31135,NE,Perkins,13.4,5,8.1
31137,NE,Phelps,13.4,5,8.1
31139,NE,Pierce,13.4,5,8.1
31141,NE,Platte,13.4,5,8.1
31143,NE,Polk,13.4,5,8.1
31145,NE,Red Willow,13.4,5,8.1
31147,NE,Richardson,13.4,5,8.1
31149,NE,Rock,13.4,5,8.1
31151,NE,Saline,13.4,5,8.1
31153,NE,Sarpy,13.4,5,8.1
31155,NE,Saunders,13.4,5,8.1
31157,NE,Scotts Bluff,13.4,5,8.1
31159,NE,Seward,13.4,5,8.1
31161,NE,Sheridan,13.4,5,8.1
31163,NE,Sherman,13.4,5,8.1
31165,NE,Sioux,13.4,5,8.1
31167,NE,Stanton,13.4,5,8.1
31169,NE,Thayer,13.4,5,8.1
31171,NE,Thomas,13.4,5,8.1
31173,NE,Thurston,13.4,5,8.1
31175,NE,Valley,13.4,5,8.1
31177,NE,Washington,13.4,5,8.1
31179,NE,Wayne,13.4,5,8.1
31181,NE,Webster,13.4,5,8.1
31183,NE,Wheeler,13.4,5,8.1
31185,NE,York,13.4,5,8.1
32001,NV,Churchill,16.6,6.7,9.5
32003,NV,Clark,16.6,6.7,9.5
32005,NV,Douglas,16.6,6.7,9.5
32007,NV,Elko,16.6,6.7,9.5
32009,NV,Esmeralda,16.6,6.7,9.5
32011,NV,Eureka,16.6,6.7,9.5
32013,NV,Humboldt,16.6,6.7,9.5
32015,NV,Lander,16.6,6.7,9.5
32017,NV,Lincoln,16.6,6.7,9.5
32019,NV,Lyon,16.6,6.7,9.5
32021,NV,Mineral,16.6,6.7,9.5
32023,NV,Nye,16.6,6.7,9.5
32027,NV,Pershing,16.6,6.7,9.5
32029,NV,Storey,16.6,6.7,9.5
32031,NV,Washoe,16.6,6.7,9.5
32033,NV,White Pine,16.6,6.7,9.5
32510,NV,Carson City,16.6,6.7,9.5
33001,NH,Belknap,9.9,4.3,5.1
33003,NH,Carroll,9.9,4.3,5.1
33005,NH,Cheshire,9.9,4.3,5.1
33007,NH,Coos,9.9,4.3,5.1
33009,NH,Grafton,9.9,4.3,5.1
33011,NH,Hillsborough,9.9,4.3,5.1
33013,NH,Merrimack,9.9,4.3,5.1
33015,NH,Rockingham,9.9,4.3,5.1
33017,NH,Strafford,9.9,4.3,5.1
33019,NH,Sullivan,9.9,4.3,5.1
34001,NJ,Atlantic,12.1,4.6,7.4
34003,NJ,Bergen,12.1,4.6,7.4
34005,NJ,Burlington,12.1,4.6,7.4
34007,NJ,Camden,12.1,4.6,7.4
34009,NJ,Cape May,12.1,4.6,7.4
34011,NJ,Cumberland,12.1,4.6,7.4
34013,NJ,Essex,12.1,4.6,7.4
34015,NJ,Gloucester,12.1,4.6,7.4
34017,NJ,Hudson,12.1,4.6,7.4
34019,NJ,Hunterdon,12.1,4.6,7.4
34021,NJ,Mercer,12.1,4.6,7.4
34023,NJ,Middlesex,12.1,4.6,7.4
34025,NJ,Monmouth,12.1,4.6,7.4
34027,NJ,Morris,12.1,4.6,7.4
34029,NJ,Ocean,12.1,4.6,7.4
34031,NJ,Passaic,12.1,4.6,7.4
34033,NJ,Salem,12.1,4.6,7.4
34035,NJ,Somerset,12.1,4.6,7.4
34037,NJ,Sussex,12.1,4.6,7.4
34039,NJ,Union,12.1,4.6,7.4
34041,NJ,Warren,12.1,4.6,7.4
35001,NM,Bernalillo,15.2,5.9,12.4
35003,NM,Catron,15.2,5.9,12.4
35005,NM,Chaves,15.2,5.9,12.4
35006,NM,Cibola,15.2,5.9,12.4
35007,NM,Colfax,15.2,5.9,12.4
35009,NM,Curry,15.2,5.9,12.4
35011,NM,De Baca,15.2,5.9,12.4
35013,NM,Dona Ana,15.2,5.9,12.4
35015,NM,Eddy,15.2,5.9,12.4
35017,NM,Grant,15.2,5.9,12.4
35019,NM,Guadalupe,15.2,5.9,12.4
35021,NM,Harding,15.2,5.9,12.4
35023,NM,Hidalgo,15.2,5.9,12.4
35025,NM,Lea,15.2,5.9,12.4
35027,NM,Lincoln,15.2,5.9,12.4
35028,NM,Los Alamos,15.2,5.9,12.4
35029,NM,Luna,15.2,5.9,12.4
35031,NM,McKinley,15.2,5.9,12.4
35033,NM,Mora,15.2,5.9,12.4
35035,NM,Otero,15.2,5.9,12.4
35037,NM,Quay,15.2,5.9,12.4
35039,NM,Rio Arriba,15.2,5.9,12.4
35041,NM,Roosevelt,15.2,5.9,12.4
35043,NM,Sandoval,15.2,5.9,12.4
35045,NM,San Juan,15.2,5.9,12.4
35047,NM,San Miguel,15.2,5.9,12.4
35049,NM,Santa Fe,15.2,5.9,12.4
35051,NM,Sierra,15.2,5.9,12.4
35053,NM,Socorro,15.2,5.9,12.4
35055,NM,Taos,15.2,5.9,12.4
35057,NM,Torrance,15.2,5.9,12.4
35059,NM,Union,15.2,5.9,12.4
35061,NM,Valencia,15.2,5.9,12.4
36001,NY,Albany,13.2,5,9.5
36003,NY,Allegany,13.2,5,9.5
36005,NY,Bronx,13.2,5,9.5
36007,NY,Broome,13.2,5,9.5
36009,NY,Cattaraugus,13.2,5,9.5
36011,NY,Cayuga,13.2,5,9.5
36013,NY,Chautauqua,13.2,5,9.5
36015,NY,Chemung,13.2,5,9.5
36017,NY,Chenango,13.2,5,9.5
36019,NY,Clinton,13.2,5,9.5
36021,NY,Columbia,13.2,5,9.5
36023,NY,Cortland,13.2,5,9.5
36025,NY,Delaware,13.2,5,9.5
36027,NY,Dutchess,13.2,5,9.5
36029,NY,Erie,13.2,5,9.5
36031,NY,Essex,13.2,5,9.5
36033,NY,Franklin,13.2,5,9.5
36035,NY,Fulton,13.2,5,9.5
36037,NY,Genesee,13.2,5,9.5
36039,NY,Greene,13.2,5,9.5
36041,NY,Hamilton,13.2,5,9.5
36043,NY,Herkimer,13.2,5,9.5
36045,NY,Jefferson,13.2,5,9.5
36047,NY,Kings,13.2,5,9.5
36049,NY,Lewis,13.2,5,9.5
36051,NY,Livingston,13.2,5,9.5
36053,NY,Madison,13.2,5,9.5
36055,NY,Monroe,13.2,5,9.5
36057,NY,Montgomery,13.2,5,9.5
36059,NY,Nassau,13.2,5,9.5
36061,NY,New York,13.2,5,9.5
36063,NY,Niagara,13.2,5,9.5
36065,NY,Oneida,13.2,5,9.5
36067,NY,Onondaga,13.2,5,9.5
36069,NY,Ontario,13.2,5,9.5
36071,NY,Orange,13.2,5,9.5
36073,NY,Orleans,13.2,5,9.5
36075,NY,Oswego,13.2,5,9.5
36077,NY,Otsego,13.2,5,9.5
36079,NY,Putnam,13.2,5,9.5
36081,NY,Queens,13.2,5,9.5
36083,NY,Rensselaer,13.2,5,9.5
36085,NY,Richmond,13.2,5,9.5
36087,NY,Rockland,13.2,5,9.5
36089,NY,St. Lawrence,13.2,5,9.5
36091,NY,Saratoga,13.2,5,9.5
36093,NY,Schenectady,13.2,5,9.5
36095,NY,Schoharie,13.2,5,9.5
36097,NY,Schuyler,13.2,5,9.5
36099,NY,Seneca,13.2,5,9.5
36101,NY,Steuben,13.2,5,9.5
36103,NY,Suffolk,13.2,5,9.5
36105,NY,Sullivan,13.2,5,9.5
36107,NY,Tioga,13.2,5,9.5
36109,NY,Tompkins,13.2,5,9.5
36111,NY,Ulster,13.2,5,9.5
36113,NY,Warren,13.2,5,9.5
36115,NY,Washington,13.2,5,9.5
36117,NY,Wayne,13.2,5,9.5
36119,NY,Westchester,13.2,5,9.5
36121,NY,Wyoming,13.2,5,9.5
36123,NY,Yates,13.2,5,9.5
37001,NC,Alamance,17,5.5,10.2
37003,NC,Alexander,17,5.5,10.2
37005,NC,Alleghany,17,5.5,10.2
37007,NC,Anson,17,5.5,10.2
37009,NC,Ashe,17,5.5,10.2
37011,NC,Avery,17,5.5,10.2
37013,NC,Beaufort,17,5.5,10.2
37015,NC,Bertie,17,5.5,10.2
37017,NC,Bladen,17,5.5,10.2
37019,NC,Brunswick,17,5.5,10.2
37021,NC,Buncombe,17,5.5,10.2
37023,NC,Burke,17,5.5,10.2
37025,NC,Cabarrus,17,5.5,10.2
37027,NC,Caldwell,17,5.5,10.2
37029,NC,Camden,17,5.5,10.2
37031,NC,Carteret,17,5.5,10.2
37033,NC,Caswell,17,5.5,10.2
37035,NC,Catawba,17,5.5,10.2
37037,NC,Chatham,17,5.5,10.2
37039,NC,Cherokee,17,5.5,10.2
37041,NC,Chowan,17,5.5,10.2
37043,NC,Clay,17,5.5,10.2
37045,NC,Cleveland,17,5.5,10.2
37047,NC,Columbus,17,5.5,10.2
37049,NC,Craven,17,5.5,10.2
37051,NC,Cumberland,17,5.5,10.2
37053,NC,Currituck,17,5.5,10.2
37055,NC,Dare,17,5.5,10.2
37057,NC,Davidson,17,5.5,10.2
37059,NC,Davie,17,5.5,10.2
37061,NC,Duplin,17,5.5,10.2
37063,NC,Durham,17,5.5,10.2
37065,NC,Edgecombe,17,5.5,10.2
37067,NC,Forsyth,17,5.5,10.2
37069,NC,Franklin,17,5.5,10.2
37071,NC,Gaston,17,5.5,10.2
37073,NC,Gates,17,5.5,10.2
37075,NC,Graham,17,5.5,10.2
37077,NC,Granville,17,5.5,10.2
37079,NC,Greene,17,5.5,10.2
37081,NC,Guilford,17,5.5,10.2
37083,NC,Halifax,17,5.5,10.2
37085,NC,Harnett,17,5.5,10.2
37087,NC,Haywood,17,5.5,10.2
37089,NC,Henderson,17,5.5,10.2
37091,NC,Hertford,17,5.5,10.2
37093,NC,Hoke,17,5.5,10.2
37095,NC,Hyde,17,5.5,10.2
37097,NC,Iredell,17,5.5,10.2
37099,NC,Jackson,17,5.5,10.2
37101,NC,Johnston,17,5.5,10.2
37103,NC,Jones,17,5.5,10.2
37105,NC,Lee,17,5.5,10.2
37107,NC,Lenoir,17,5.5,10.2
37109,NC,Lincoln,17,5.5,10.2
37111,NC,McDowell,17,5.5,10.2
37113,NC,Macon,17,5.5,10.2
37115,NC,Madison,17,5.5,10.2
37117,NC,Martin,17,5.5,10.2
37119,NC,Mecklenburg,17,5.5,10.2
37121,NC,Mitchell,17,5.5,10.2
37123,NC,Montgomery,17,5.5,10.2
37125,NC,Moore,17,5.5,10.2
37127,NC,Nash,17,5.5,10.2
37129,NC,New Hanover,17,5.5,10.2
37131,NC,Northampton,17,5.5,10.2
37133,NC,Onslow,17,5.5,10.2
37135,NC,Orange,17,5.5,10.2
37137,NC,Pamlico,17,5.5,10.2
37139,NC,Pasquotank,17,5.5,10.2
37141,NC,Pender,17,5.5,10.2
37143,NC,Perquimans,17,5.5,10.2
37145,NC,Person,17,5.5,10.2
37147,NC,Pitt,17,5.5,10.2
37149,NC,Polk,17,5.5,10.2
37151,NC,Randolph,17,5.5,10.2
37153,NC,Richmond,17,5.5,10.2
37155,NC,Robeson,17,5.5,10.2
37157,NC,Rockingham,17,5.5,10.2
37159,NC,Rowan,17,5.5,10.2
37161,NC,Rutherford,17,5.5,10.2
37163,NC,Sampson,17,5.5,10.2
37165,NC,Scotland,17,5.5,10.2
37167,NC,Stanly,17,5.5,10.2
37169,NC,Stokes,17,5.5,10.2
37171,NC,Surry,17,5.5,10.2
37173,NC,Swain,17,5.5,10.2
37175,NC,Transylvania,17,5.5,10.2
37177,NC,Tyrrell,17,5.5,10.2
37179,NC,Union,17,5.5,10.2
37181,NC,Vance,17,5.5,10.2
37183,NC,Wake,17,5.5,10.2
37185,NC,Warren,17,5.5,10.2
37187,NC,Washington,17,5.5,10.2
37189,NC,Watauga,17,5.5,10.2
37191,NC,Wayne,17,5.5,10.2
37193,NC,Wilkes,17,5.5,10.2
37195,NC,Wilson,17,5.5,10.2
37197,NC,Yadkin,17,5.5,10.2
37199,NC,Yancey,17,5.5,10.2
38001,ND,Adams,8.7,3.4,5.8
38003,ND,Barnes,8.7,3.4,5.8
38005,ND,Benson,8.7,3.4,5.8
38007,ND,Billings,8.7,3.4,5.8
38009,ND,Bottineau,8.7,3.4,5.8
38011,ND,Bowman,8.7,3.4,5.8
38013,ND,Burke,8.7,3.4,5.8
38015,ND,Burleigh,8.7,3.4,5.8
38017,ND,Cass,8.7,3.4,5.8
38019,ND,Cavalier,8.7,3.4,5.8
38021,ND,Dickey,8.7,3.4,5.8
38023,ND,Divide,8.7,3.4,5.8
38025,ND,Dunn,8.7,3.4,5.8
38027,ND,Eddy,8.7,3.4,5.8
38029,ND,Emmons,8.7,3.4,5.8
38031,ND,Foster,8.7,3.4,5.8
38033,ND,Golden Valley,8.7,3.4,5.8
38035,ND,Grand Forks,8.7,3.4,5.8
38037,ND,Grant,8.7,3.4,5.8
38039,ND,Griggs,8.7,3.4,5.8
38041,ND,Hettinger,8.7,3.4,5.8
38043,ND,Kidder,8.7,3.4,5.8
38045,ND,LaMoure,8.7,3.4,5.8
38047,ND,Logan,8.7,3.4,5.8
38049,ND,McHenry,8.7,3.4,5.8
38051,ND,McIntosh,8.7,3.4,5.8
38053,ND,McKenzie,8.7,3.4,5.8
38055,ND,McLean,8.7,3.4,5.8
38057,ND,Mercer,8.7,3.4,5.8
38059,ND,Morton,8.7,3.4,5.8
38061,ND,Mountrail,8.7,3.4,5.8
38063,ND,Nelson,8.7,3.4,5.8
38065,ND,Oliver,8.7,3.4,5.8
38067,ND,Pembina,8.7,3.4,5.8
38069,ND,Pierce,8.7,3.4,5.8
38071,ND,Ramsey,8.7,3.4,5.8
38073,ND,Ransom,8.7,3.4,5.8
38075,ND,Renville,8.7,3.4,5.8
38077,ND,Richland,8.7,3.4,5.8
38079,ND,Rolette,8.7,3.4,5.8
38081,ND,Sargent,8.7,3.4,5.8
38083,ND,Sheridan,8.7,3.4,5.8
38085,ND,Sioux,8.7,3.4,5.8
38087,ND,Slope,8.7,3.4,5.8
38089,ND,Stark,8.7,3.4,5.8
38091,ND,Steele,8.7,3.4,5.8
38093,ND,Stutsman,8.7,3.4,5.8
38095,ND,Towner,8.7,3.4,5.8
38097,ND,Traill,8.7,3.4,5.8
38099,ND,Walsh,8.7,3.4,5.8
38101,ND,Ward,8.7,3.4,5.8
38103,ND,Wells,8.7,3.4,5.8
38105,ND,Williams,8.7,3.4,5.8
39001,OH,Adams,16.1,7.1,8.6
39003,OH,Allen,16.1,7.1,8.6
39005,OH,Ashland,16.1,7.1,8.6
39007,OH,Ashtabula,16.1,7.1,8.6
39009,OH,Athens,16.1,7.1,8.6
39011,OH,Auglaize,16.1,7.1,8.6
39013,OH,Belmont,16.1,7.1,8.6
39015,OH,Brown,16.1,7.1,8.6
39017,OH,Butler,16.1,7.1,8.6
39019,OH,Carroll,16.1,7.1,8.6
39021,OH,Champaign,16.1,7.1,8.6
39023,OH,Clark,16.1,7.1,8.6
39025,OH,Clermont,16.1,7.1,8.6
39027,OH,Clinton,16.1,7.1,8.6
39029,OH,Columbiana,16.1,7.1,8.6
39031,OH,Coshocton,16.1,7.1,8.6
39033,OH,Crawford,16.1,7.1,8.6
39035,OH,Cuyahoga,16.1,7.1,8.6
39037,OH,Darke,16.1,7.1,8.6
39039,OH,Defiance,16.1,7.1,8.6
39041,OH,Delaware,16.1,7.1,8.6
39043,OH,Erie,16.1,7.1,8.6
39045,OH,Fairfield,16.1,7.1,8.6
39047,OH,Fayette,16.1,7.1,8.6
39049,OH,Franklin,16.1,7.1,8.6
39051,OH,Fulton,16.1,7.1,8.6
39053,OH,Gallia,16.1,7.1,8.6
39055,OH,Geauga,16.1,7.1,8.6
39057,OH,Greene,16.1,7.1,8.6
39059,OH,Guernsey,16.1,7.1,8.6
39061,OH,Hamilton,16.1,7.1,8.6
39063,OH,Hancock,16.1,7.1,8.6
39065,OH,Hardin,16.1,7.1,8.6
39067,OH,Harrison,16.1,7.1,8.6
39069,OH,Henry,16.1,7.1,8.6
39071,OH,Highland,16.1,7.1,8.6
39073,OH,Hocking,16.1,7.1,8.6
39075,OH,Holmes,16.1,7.1,8.6
39077,OH,Huron,16.1,7.1,8.6
39079,OH,Jackson,16.1,7.1,8.6
39081,OH,Jefferson,16.1,7.1,8.6
39083,OH,Knox,16.1,7.1,8.6
39085,OH,Lake,16.1,7.1,8.6
39087,OH,Lawrence,16.1,7.1,8.6
39089,OH,Licking,16.1,7.1,8.6
39091,OH,Logan,16.1,7.1,8.6
39093,OH,Lorain,16.1,7.1,8.6
39095,OH,Lucas,16.1,7.1,8.6
39097,OH,Madison,16.1,7.1,8.6
39099,OH,Mahoning,16.1,7.1,8.6
39101,OH,Marion,16.1,7.1,8.6
39103,OH,Medina,16.1,7.1,8.6
39105,OH,Meigs,16.1,7.1,8.6
39107,OH,Mercer,16.1,7.1,8.6
39109,OH,Miami,16.1,7.1,8.6
39111,OH,Monroe,16.1,7.1,8.6
39113,OH,Montgomery,16.1,7.1,8.6
39115,OH,Morgan,16.1,7.1,8.6
39117,OH,Morrow,16.1,7.1,8.6
39119,OH,Muskingum,16.1,7.1,8.6
39121,OH,Noble,16.1,7.1,8.6
39123,OH,Ottawa,16.1,7.1,8.6
39125,OH,Paulding,16.1,7.1,8.6
39127,OH,Perry,16.1,7.1,8.6
39129,OH,Pickaway,16.1,7.1,8.6
39131,OH,Pike,16.1,7.1,8.6
39133,OH,Portage,16.1,7.1,8.6
39135,OH,Preble,16.1,7.1,8.6
39137,OH,Putnam,16.1,7.1,8.6
39139,OH,Richland,16.1,7.1,8.6
39141,OH,Ross,16.1,7.1,8.6
39143,OH,Sandusky,16.1,7.1,8.6
39145,OH,Scioto,16.1,7.1,8.6
39147,OH,Seneca,16.1,7.1,8.6
39149,OH,Shelby,16.1,7.1,8.6
39151,OH,Stark,16.1,7.1,8.6
39153,OH,Summit,16.1,7.1,8.6
39155,OH,Trumbull,16.1,7.1,8.6
39157,OH,Tuscarawas,16.1,7.1,8.6
39159,OH,Union,16.1,7.1,8.6
39161,OH,Van Wert,16.1,7.1,8.6
39163,OH,Vinton,16.1,7.1,8.6
39165,OH,Warren,16.1,7.1,8.6
39167,OH,Washington,16.1,7.1,8.6
39169,OH,Wayne,16.1,7.1,8.6
39171,OH,Williams,16.1,7.1,8.6
39173,OH,Wood,16.1,7.1,8.6
39175,OH,Wyandot,16.1,7.1,8.6
40001,OK,Adair,15.3,6.6,11.4
40003,OK,Alfalfa,15.3,6.6,11.4
40005,OK,Atoka,15.3,6.6,11.4
40007,OK,Beaver,15.3,6.6,11.4
40009,OK,Beckham,15.3,6.6,11.4
40011,OK,Blaine,15.3,6.6,11.4
40013,OK,Bryan,15.3,6.6,11.4
40015,OK,Caddo,15.3,6.6,11.4
40017,OK,Canadian,15.3,6.6,11.4
40019,OK,Carter,15.3,6.6,11.4
40021,OK,Cherokee,15.3,6.6,11.4
40023,OK,Choctaw,15.3,6.6,11.4
40025,OK,Cimarron,15.3,6.6,11.4
40027,OK,Cleveland,15.3,6.6,11.4
40029,OK,Coal,15.3,6.6,11.4
40031,OK,Comanche,15.3,6.6,11.4
40033,OK,Cotton,15.3,6.6,11.4
40035,OK,Craig,15.3,6.6,11.4
40037,OK,Creek,15.3,6.6,11.4
40039,OK,Custer,15.3,6.6,11.4
40041,OK,Delaware,15.3,6.6,11.4
40043,OK,Dewey,15.3,6.6,11.4
40045,OK,Ellis,15.3,6.6,11.4
40047,OK,Garfield,15.3,6.6,11.4
40049,OK,Garvin,15.3,6.6,11.4
40051,OK,Grady,15.3,6.6,11.4
40053,OK,Grant,15.3,6.6,11.4
40055,OK,Greer,15.3,6.6,11.4
40057,OK,Harmon,15.3,6.6,11.4
40059,OK,Harper,15.3,6.6,11.4
40061,OK,Haskell,15.3,6.6,11.4
40063,OK,Hughes,15.3,6.6,11.4
40065,OK,Jackson,15.3,6.6,11.4
40067,OK,Jefferson,15.3,6.6,11.4
40069,OK,Johnston,15.3,6.6,11.4
40071,OK,Kay,15.3,6.6,11.4
40073,OK,Kingfisher,15.3,6.6,11.4
40075,OK,Kiowa,15.3,6.6,11.4
40077,OK,Latimer,15.3,6.6,11.4
40079,OK,Le Flore,15.3,6.6,11.4
40081,OK,Lincoln,15.3,6.6,11.4
40083,OK,Logan,15.3,6.6,11.4
40085,OK,Love,15.3,6.6,11.4
40087,OK,McClain,15.3,6.6,11.4
40089,OK,McCurtain,15.3,6.6,11.4
40091,OK,McIntosh,15.3,6.6,11.4
40093,OK,Major,15.3,6.6,11.4
40095,OK,Marshall,15.3,6.6,11.4
40097,OK,Mayes,15.3,6.6,11.4
40099,OK,Murray,15.3,6.6,11.4
40101,OK,Muskogee,15.3,6.6,11.4
40103,OK,Noble,15.3,6.6,11.4
40105,OK,Nowata,15.3,6.6,11.4
40107,OK,Okfuskee,15.3,6.6,11.4
40109,OK,Oklahoma,15.3,6.6,11.4
40111,OK,Okmulgee,15.3,6.6,11.4
40113,OK,Osage,15.3,6.6,11.4
40115,OK,Ottawa,15.3,6.6,11.4
40117,OK,Pawnee,15.3,6.6,11.4
40119,OK,Payne,15.3,6.6,11.4
40121,OK,Pittsburg,15.3,6.6,11.4
40123,OK,Pontotoc,15.3,6.6,11.4
40125,OK,Pottawatomie,15.3,6.6,11.4
40127,OK,Pushmataha,15.3,6.6,11.4
40129,OK,Roger Mills,15.3,6.6,11.4
40131,OK,Rogers,15.3,6.6,11.4
40133,OK,Seminole,15.3,6.6,11.4
40135,OK,Sequoyah,15.3,6.6,11.4
40137,OK,Stephens,15.3,6.6,11.4
40139,OK,Texas,15.3,6.6,11.4
40141,OK,Tillman,15.3,6.6,11.4
40143,OK,Tulsa,15.3,6.6,11.4
40145,OK,Wagoner,15.3,6.6,11.4
40147,OK,Washington,15.3,6.6,11.4
40149,OK,Washita,15.3,6.6,11.4
40151,OK,Woods,15.3,6.6,11.4
40153,OK,Woodward,15.3,6.6,11.4
41001,OR,Baker,13.6,5.8,10.4
41003,OR,Benton,13.6,5.8,10.4
41005,OR,Clackamas,13.6,5.8,10.4
41007,OR,Clatsop,13.6,5.8,10.4
41009,OR,Columbia,13.6,5.8,10.4
41011,OR,Coos,13.6,5.8,10.4
41013,OR,Crook,13.6,5.8,10.4
41015,OR,Curry,13.6,5.8,10.4
41017,OR,Deschutes,13.6,5.8,10.4
41019,OR,Douglas,13.6,5.8,10.4
41021,OR,Gilliam,13.6,5.8,10.4
41023,OR,Grant,13.6,5.8,10.4
41025,OR,Harney,13.6,5.8,10.4
41027,OR,Hood River,13.6,5.8,10.4
41029,OR,Jackson,13.6,5.8,10.4
41031,OR,Jefferson,13.6,5.8,10.4
41033,OR,Josephine,13.6,5.8,10.4
41035,OR,Klamath,13.6,5.8,10.4
41037,OR,Lake,13.6,5.8,10.4
41039,OR,Lane,13.6,5.8,10.4
41041,OR,Lincoln,13.6,5.8,10.4
41043,OR,Linn,13.6,5.8,10.4
41045,OR,Malheur,13.6,5.8,10.4
41047,OR,Marion,13.6,5.8,10.4
41049,OR,Morrow,13.6,5.8,10.4
41051,OR,Multnomah,13.6,5.8,10.4
41053,OR,Polk,13.6,5.8,10.4
41055,OR,Sherman,13.6,5.8,10.4
41057,OR,Tillamook,13.6,5.8,10.4
41059,OR,Umatilla,13.6,5.8,10.4
41061,OR,Union,13.6,5.8,10.4
41063,OR,Wallowa,13.6,5.8,10.4
41065,OR,Wasco,13.6,5.8,10.4
41067,OR,Washington,13.6,5.8,10.4
41069,OR,Wheeler,13.6,5.8,10.4
41071,OR,Yamhill,13.6,5.8,10.4
42001,PA,Adams,12.3,4.8,7.9
42003,PA,Allegheny,12.3,4.8,7.9
42005,PA,Armstrong,12.3,4.8,7.9
42007,PA,Beaver,12.3,4.8,7.9
42009,PA,Bedford,12.3,4.8,7.9
42011,PA,Berks,12.3,4.8,7.9
42013,PA,Blair,12.3,4.8,7.9
42015,PA,Bradford,12.3,4.8,7.9
42017,PA,Bucks,12.3,4.8,7.9
42019,PA,Butler,12.3,4.8,7.9
42021,PA,Cambria,12.3,4.8,7.9
42023,PA,Cameron,12.3,4.8,7.9
42025,PA,Carbon,12.3,4.8,7.9
42027,PA,Centre,12.3,4.8,7.9
42029,PA,Chester,12.3,4.8,7.9
42031,PA,Clarion,12.3,4.8,7.9
42033,PA,Clearfield,12.3,4.8,7.9
42035,PA,Clinton,12.3,4.8,7.9
42037,PA,Columbia,12.3,4.8,7.9
42039,PA,Crawford,12.3,4.8,7.9
42041,PA,Cumberland,12.3,4.8,7.9
42043,PA,Dauphin,12.3,4.8,7.9
42045,PA,Delaware,12.3,4.8,7.9
42047,PA,Elk,12.3,4.8,7.9
42049,PA,Erie,12.3,4.8,7.9
42051,PA,Fayette,12.3,4.8,7.9
42053,PA,Forest,12.3,4.8,7.9
42055,PA,Franklin,12.3,4.8,7.9
42057,PA,Fulton,12.3,4.8,7.9
42059,PA,Greene,12.3,4.8,7.9
42061,PA,Huntingdon,12.3,4.8,7.9
42063,PA,Indiana,12.3,4.8,7.9
42065,PA,Jefferson,12.3,4.8,7.9
42067,PA,Juniata,12.3,4.8,7.9
42069,PA,Lackawanna,12.3,4.8,7.9
42071,PA,Lancaster,12.3,4.8,7.9
42073,PA,Lawrence,12.3,4.8,7.9
42075,PA,Lebanon,12.3,4.8,7.9
42077,PA,Lehigh,12.3,4.8,7.9
42079,PA,Luzerne,12.3,4.8,7.9
42081,PA,Lycoming,12.3,4.8,7.9
42083,PA,McKean,12.3,4.8,7.9
42085,PA,Mercer,12.3,4.8,7.9
42087,PA,Mifflin,12.3,4.8,7.9
42089,PA,Monroe,12.3,4.8,7.9
42091,PA,Montgomery,12.3,4.8,7.9
42093,PA,Montour,12.3,4.8,7.9
42095,PA,Northampton,12.3,4.8,7.9
42097,PA,Northumberland,12.3,4.8,7.9
42099,PA,Perry,12.3,4.8,7.9
42101,PA,Philadelphia,12.3,4.8,7.9
42103,PA,Pike,12.3,4.8,7.9
42105,PA,Potter,12.3,4.8,7.9
42107,PA,Schuylkill,12.3,4.8,7.9
42109,PA,Snyder,12.3,4.8,7.9
42111,PA,Somerset,12.3,4.8,7.9
42113,PA,Sullivan,12.3,4.8,7.9
42115,PA,Susquehanna,12.3,4.8,7.9
42117,PA,Tioga,12.3,4.8,7.9
42119,PA,Union,12.3,4.8,7.9
42121,PA,Venango,12.3,4.8,7.9
42123,PA,Warren,12.3,4.8,7.9
42125,PA,Washington,12.3,4.8,7.9
42127,PA,Wayne,12.3,4.8,7.9
42129,PA,Westmoreland,12.3,4.8,7.9
42131,PA,Wyoming,12.3,4.8,7.9
42133,PA,York,12.3,4.8,7.9
44001,RI,Bristol,15.4,5.5,9.8
44003,RI,Kent,15.4,5.5,9.8
44005,RI,Newport,15.4,5.5,9.8
44007,RI,Providence,15.4,5.5,9.8
44009,RI,Washington,15.4,5.5,9.8
45001,SC,Abbeville,15.4,5.2,9.8
45003,SC,Aiken,15.4,5.2,9.8
45005,SC,Allendale,15.4,5.2,9.8
45007,SC,Anderson,15.4,5.2,9.8
45009,SC,Bamberg,15.4,5.2,9.8
45011,SC,Barnwell,15.4,5.2,9.8
45013,SC,Beaufort,15.4,5.2,9.8
45015,SC,Berkeley,15.4,5.2,9.8
45017,SC,Calhoun,15.4,5.2,9.8
45019,SC,Charleston,15.4,5.2,9.8
45021,SC,Cherokee,15.4,5.2,9.8
45023,SC,Chester,15.4,5.2,9.8
45025,SC,Chesterfield,15.4,5.2,9.8
45027,SC,Clarendon,15.4,5.2,9.8
45029,SC,Colleton,15.4,5.2,9.8
45031,SC,Darlington,15.4,5.2,9.8
45033,SC,Dillon,15.4,5.2,9.8
45035,SC,Dorchester,15.4,5.2,9.8
45037,SC,Edgefield,15.4,5.2,9.8
45039,SC,Fairfield,15.4,5.2,9.8
45041,SC,Florence,15.4,5.2,9.8
45043,SC,Georgetown,15.4,5.2,9.8
45045,SC,Greenville,15.4,5.2,9.8
45047,SC,Greenwood,15.4,5.2,9.8
45049,SC,Hampton,15.4,5.2,9.8
45051,SC,Horry,15.4,5.2,9.8
45053,SC,Jasper,15.4,5.2,9.8
45055,SC,Kershaw,15.4,5.2,9.8
45057,SC,Lancaster,15.4,5.2,9.8
45059,SC,Laurens,15.4,5.2,9.8
45061,SC,Lee,15.4,5.2,9.8
45063,SC,Lexington,15.4,5.2,9.8
45065,SC,McCormick,15.4,5.2,9.8
45067,SC,Marion,15.4,5.2,9.8
45069,SC,Marlboro,15.4,5.2,9.8
45071,SC,Newberry,15.4,5.2,9.8
45073,SC,Oconee,15.4,5.2,9.8
45075,SC,Orangeburg,15.4,5.2,9.8
45077,SC,Pickens,15.4,5.2,9.8
45079,SC,Richland,15.4,5.2,9.8
45081,SC,Saluda,15.4,5.2,9.8
45083,SC,Spartanburg,15.4,5.2,9.8
45085,SC,Sumter,15.4,5.2,9.8
45087,SC,Union,15.4,5.2,9.8
45089,SC,Williamsburg,15.4,5.2,9.8
45091,SC,York,15.4,5.2,9.8
46003,SD,Aurora,12.9,4.9,7.9
46005,SD,Beadle,12.9,4.9,7.9
46007,SD,Bennett,12.9,4.9,7.9
46009,SD,Bon Homme,12.9,4.9,7.9
46011,SD,Brookings,12.9,4.9,7.9
46013,SD,Brown,12.9,4.9,7.9
46015,SD,Brule,12.9,4.9,7.9
46017,SD,Buffalo,12.9,4.9,7.9
46019,SD,Butte,12.9,4.9,7.9
46021,SD,Campbell,12.9,4.9,7.9
46023,SD,Charles Mix,12.9,4.9,7.9
46025,SD,Clark,12.9,4.9,7.9
46027,SD,Clay,12.9,4.9,7.9
46029,SD,Codington,12.9,4.9,7.9
46031,SD,Corson,12.9,4.9,7.9
46033,SD,Custer,12.9,4.9,7.9
46035,SD,Davison,12.9,4.9,7.9
46037,SD,Day,12.9,4.9,7.9
46039,SD,Deuel,12.9,4.9,7.9
46041,SD,Dewey,12.9,4.9,7.9
46043,SD,Douglas,12.9,4.9,7.9
46045,SD,Edmunds,12.9,4.9,7.9
46047,SD,Fall River,12.9,4.9,7.9
46049,SD,Faulk,12.9,4.9,7.9
46051,SD,Grant,12.9,4.9,7.9
46053,SD,Gregory,12.9,4.9,7.9
46055,SD,Haakon,12.9,4.9,7.9
46057,SD,Hamlin,12.9,4.9,7.9
46059,SD,Hand,12.9,4.9,7.9
46061,SD,Hanson,12.9,4.9,7.9
46063,SD,Harding,12.9,4.9,7.9
46065,SD,Hughes,12.9,4.9,7.9
46067,SD,Hutchinson,12.9,4.9,7.9
46069,SD,Hyde,12.9,4.9,7.9
46071,SD,Jackson,12.9,4.9,7.9
46073,SD,Jerauld,12.9,4.9,7.9
46075,SD,Jones,12.9,4.9,7.9
46077,SD,Kingsbury,12.9,4.9,7.9
46079,SD,Lake,12.9,4.9,7.9
46081,SD,Lawrence,12.9,4.9,7.9
46083,SD,Lincoln,12.9,4.9,7.9
46085,SD,Lyman,12.9,4.9,7.9
46087,SD,McCook,12.9,4.9,7.9
46089,SD,McPherson,12.9,4.9,7.9
46091,SD,Marshall,12.9,4.9,7.9
46093,SD,Meade,12.9,4.9,7.9
46095,SD,Mellette,12.9,4.9,7.9
46097,SD,Miner,12.9,4.9,7.9
46099,SD,Minnehaha,12.9,4.9,7.9
46101,SD,Moody,12.9,4.9,7.9
46103,SD,Pennington,12.9,4.9,7.9
46105,SD,Perkins,12.9,4.9,7.9
46107,SD,Potter,12.9,4.9,7.9
46109,SD,Roberts,12.9,4.9,7.9
46111,SD,Sanborn,12.9,4.9,7.9
46113,SD,Shannon,12.9,4.9,7.9
46115,SD,Spink,12.9,4.9,7.9
46117,SD,Stanley,12.9,4.9,7.9
46119,SD,Sully,12.9,4.9,7.9
46121,SD,Todd,12.9,4.9,7.9
46123,SD,Tripp,12.9,4.9,7.9
46125,SD,Turner,12.9,4.9,7.9
46127,SD,Union,12.9,4.9,7.9
46129,SD,Walworth,12.9,4.9,7.9
46135,SD,Yankton,12.9,4.9,7.9
46137,SD,Ziebach,12.9,4.9,7.9
47001,TN,Anderson,16.2,6.9,10.1
47003,TN,Bedford,16.2,6.9,10.1
47005,TN,Benton,16.2,6.9,10.1
47007,TN,Bledsoe,16.2,6.9,10.1
47009,TN,Blount,16.2,6.9,10.1
47011,TN,Bradley,16.2,6.9,10.1
47013,TN,Campbell,16.2,6.9,10.1
47015,TN,Cannon,16.2,6.9,10.1
47017,TN,Carroll,16.2,6.9,10.1
47019,TN,Carter,16.2,6.9,10.1
47021,TN,Cheatham,16.2,6.9,10.1
47023,TN,Chester,16.2,6.9,10.1
47025,TN,Claiborne,16.2,6.9,10.1
47027,TN,Clay,16.2,6.9,10.1
47029,TN,Cocke,16.2,6.9,10.1
47031,TN,Coffee,16.2,6.9,10.1
47033,TN,Crockett,16.2,6.9,10.1
47035,TN,Cumberland,16.2,6.9,10.1
47037,TN,Davidson,16.2,6.9,10.1
47039,TN,Decatur,16.2,6.9,10.1
47041,TN,DeKalb,16.2,6.9,10.1
47043,TN,Dickson,16.2,6.9,10.1
47045,TN,Dyer,16.2,6.9,10.1
47047,TN,Fayette,16.2,6.9,10.1
47049,TN,Fentress,16.2,6.9,10.1
47051,TN,Franklin,16.2,6.9,10.1
47053,TN,Gibson,16.2,6.9,10.1
47055,TN,Giles,16.2,6.9,10.1
47057,TN,Grainger,16.2,6.9,10.1
47059,TN,Greene,16.2,6.9,10.1
47061,TN,Grundy,16.2,6.9,10.1
47063,TN,Hamblen,16.2,6.9,10.1
47065,TN,Hamilton,16.2,6.9,10.1
47067,TN,Hancock,16.2,6.9,10.1
47069,TN,Hardeman,16.2,6.9,10.1
47071,TN,Hardin,16.2,6.9,10.1
47073,TN,Hawkins,16.2,6.9,10.1
47075,TN,Haywood,16.2,6.9,10.1
47077,TN,Henderson,16.2,6.9,10.1
47079,TN,Henry,16.2,6.9,10.1
47081,TN,Hickman,16.2,6.9,10.1
47083,TN,Houston,16.2,6.9,10.1
47085,TN,Humphreys,16.2,6.9,10.1
47087,TN,Jackson,16.2,6.9,10.1
47089,TN,Jefferson,16.2,6.9,10.1
47091,TN,Johnson,16.2,6.9,10.1
47093,TN,Knox,16.2,6.9,10.1
47095,TN,Lake,16.2,6.9,10.1
47097,TN,Lauderdale,16.2,6.9,10.1
47099,TN,Lawrence,16.2,6.9,10.1
47101,TN,Lewis,16.2,6.9,10.1
47103,TN,Lincoln,16.2,6.9,10.1
47105,TN,Loudon,16.2,6.9,10.1
47107,TN,McMinn,16.2,6.9,10.1
47109,TN,McNairy,16.2,6.9,10.1
47111,TN,Macon,16.2,6.9,10.1
47113,TN,Madison,16.2,6.9,10.1
47115,TN,Marion,16.2,6.9,10.1
47117,TN,Marshall,16.2,6.9,10.1
47119,TN,Maury,16.2,6.9,10.1
47121,TN,Meigs,16.2,6.9,10.1
47123,TN,Monroe,16.2,6.9,10.1
47125,TN,Montgomery,16.2,6.9,10.1
47127,TN,Moore,16.2,6.9,10.1
47129,TN,Morgan,16.2,6.9,10.1
47131,TN,Obion,16.2,6.9,10.1
47133,TN,Overton,16.2,6.9,10.1
47135,TN,Perry,16.2,6.9,10.1
47137,TN,Pickett,16.2,6.9,10.1
47139,TN,Polk,16.2,6.9,10.1
47141,TN,Putnam,16.2,6.9,10.1
47143,TN,Rhea,16.2,6.9,10.1
47145,TN,Roane,16.2,6.9,10.1
47147,TN,Robertson,16.2,6.9,10.1
47149,TN,Rutherford,16.2,6.9,10.1
47151,TN,Scott,16.2,6.9,10.1
47153,TN,Sequatchie,16.2,6.9,10.1
47155,TN,Sevier,16.2,6.9,10.1
47157,TN,Shelby,16.2,6.9,10.1
47159,TN,Smith,16.2,6.9,10.1
47161,TN,Stewart,16.2,6.9,10.1
47163,TN,Sullivan,16.2,6.9,10.1
47165,TN,Sumner,16.2,6.9,10.1
47167,TN,Tipton,16.2,6.9,10.1
47169,TN,Trousdale,16.2,6.9,10.1
47171,TN,Unicoi,16.2,6.9,10.1
47173,TN,Union,16.2,6.9,10.1
47175,TN,Van Buren,16.2,6.9,10.1
47177,TN,Warren,16.2,6.9,10.1
47179,TN,Washington,16.2,6.9,10.1
47181,TN,Wayne,16.2,6.9,10.1
47183,TN,Weakley,16.2,6.9,10.1
47185,TN,White,16.2,6.9,10.1
47187,TN,Williamson,16.2,6.9,10.1
47189,TN,Wilson,16.2,6.9,10.1
48001,TX,Anderson,18.4,6.2,12.8
48003,TX,Andrews,18.4,6.2,12.8
48005,TX,Angelina,18.4,6.2,12.8
48007,TX,Aransas,18.4,6.2,12.8
48009,TX,Archer,18.4,6.2,12.8
48011,TX,Armstrong,18.4,6.2,12.8
48013,TX,Atascosa,18.4,6.2,12.8
48015,TX,Austin,18.4,6.2,12.8
48017,TX,Bailey,18.4,6.2,12.8
48019,TX,Bandera,18.4,6.2,12.8
48021,TX,Bastrop,18.4,6.2,12.8
48023,TX,Baylor,18.4,6.2,12.8
48025,TX,Bee,18.4,6.2,12.8
48027,TX,Bell,18.4,6.2,12.8
48029,TX,Bexar,18.4,6.2,12.8
48031,TX,Blanco,18.4,6.2,12.8
48033,TX,Borden,18.4,6.2,12.8
48035,TX,Bosque,18.4,6.2,12.8
48037,TX,Bowie,18.4,6.2,12.8
48039,TX,Brazoria,18.4,6.2,12.8
48041,TX,Brazos,18.4,6.2,12.8
48043,TX,Brewster,18.4,6.2,12.8
48045,TX,Briscoe,18.4,6.2,12.8
48047,TX,Brooks,18.4,6.2,12.8
48049,TX,Brown,18.4,6.2,12.8
48051,TX,Burleson,18.4,6.2,12.8
48053,TX,Burnet,18.4,6.2,12.8
48055,TX,Caldwell,18.4,6.2,12.8
48057,TX,Calhoun,18.4,6.2,12.8
48059,TX,Callahan,18.4,6.2,12.8
48061,TX,Cameron,18.4,6.2,12.8
48063,TX,Camp,18.4,6.2,12.8
48065,TX,Carson,18.4,6.2,12.8
48067,TX,Cass,18.4,6.2,12.8
48069,TX,Castro,18.4,6.2,12.8
48071,TX,Chambers,18.4,6.2,12.8
48073,TX,Cherokee,18.4,6.2,12.8
48075,TX,Childress,18.4,6.2,12.8
48077,TX,Clay,18.4,6.2,12.8
48079,TX,Cochran,18.4,6.2,12.8
48081,TX,Coke,18.4,6.2,12.8
48083,TX,Coleman,18.4,6.2,12.8
48085,TX,Collin,18.4,6.2,12.8
48087,TX,Collingsworth,18.4,6.2,12.8
48089,TX,Colorado,18.4,6.2,12.8
48091,TX,Comal,18.4,6.2,12.8
48093,TX,Comanche,18.4,6.2,12.8
48095,TX,Concho,18.4,6.2,12.8
48097,TX,Cooke,18.4,6.2,12.8
48099,TX,Coryell,18.4,6.2,12.8
48101,TX,Cottle,18.4,6.2,12.8
48103,TX,Crane,18.4,6.2,12.8
48105,TX,Crockett,18.4,6.2,12.8
48107,TX,Crosby,18.4,6.2,12.8
48109,TX,Culberson,18.4,6.2,12.8
48111,TX,Dallam,18.4,6.2,12.8
48113,TX,Dallas,18.4,6.2,12.8
48115,TX,Dawson,18.4,6.2,12.8
48117,TX,Deaf Smith,18.4,6.2,12.8
48119,TX,Delta,18.4,6.2,12.8
48121,TX,Denton,18.4,6.2,12.8
48123,TX,DeWitt,18.4,6.2,12.8
48125,TX,Dickens,18.4,6.2,12.8
48127,TX,Dimmit,18.4,6.2,12.8
48129,TX,Donley,18.4,6.2,12.8
48131,TX,Duval,18.4,6.2,12.8
48133,TX,Eastland,18.4,6.2,12.8
48135,TX,Ector,18.4,6.2,12.8
48137,TX,Edwards,18.4,6.2,12.8
48139,TX,Ellis,18.4,6.2,12.8
48141,TX,El Paso,18.4,6.2,12.8
48143,TX,Erath,18.4,6.2,12.8
48145,TX,Falls,18.4,6.2,12.8
48147,TX,Fannin,18.4,6.2,12.8
48149,TX,Fayette,18.4,6.2,12.8
48151,TX,Fisher,18.4,6.2,12.8
48153,TX,Floyd,18.4,6.2,12.8
48155,TX,Foard,18.4,6.2,12.8
48157,TX,Fort Bend,18.4,6.2,12.8
48159,TX,Franklin,18.4,6.2,12.8
48161,TX,Freestone,18.4,6.2,12.8
48163,TX,Frio,18.4,6.2,12.8
48165,TX,Gaines,18.4,6.2,12.8
48167,TX,Galveston,18.4,6.2,12.8
48169,TX,Garza,18.4,6.2,12.8
48171,TX,Gillespie,18.4,6.2,12.8
48173,TX,Glasscock,18.4,6.2,12.8
48175,TX,Goliad,18.4,6.2,12.8
48177,TX,Gonzales,18.4,6.2,12.8
48179,TX,Gray,18.4,6.2,12.8
48181,TX,Grayson,18.4,6.2,12.8
48183,TX,Gregg,18.4,6.2,12.8
48185,TX,Grimes,18.4,6.2,12.8
48187,TX,Guadalupe,18.4,6.2,12.8
48189,TX,Hale,18.4,6.2,12.8
48191,TX,Hall,18.4,6.2,12.8
48193,TX,Hamilton,18.4,6.2,12.8
48195,TX,Hansford,18.4,6.2,12.8
48197,TX,Hardeman,18.4,6.2,12.8
48199,TX,Hardin,18.4,6.2,12.8
48201,TX,Harris,18.4,6.2,12.8
48203,TX,Harrison,18.4,6.2,12.8
48205,TX,Hartley,18.4,6.2,12.8
48207,TX,Haskell,18.4,6.2,12.8
48209,TX,Hays,18.4,6.2,12.8
48211,TX,Hemphill,18.4,6.2,12.8
48213,TX,Henderson,18.4,6.2,12.8
48215,TX,Hidalgo,18.4,6.2,12.8
48217,TX,Hill,18.4,6.2,12.8
48219,TX,Hockley,18.4,6.2,12.8
48221,TX,Hood,18.4,6.2,12.8
48223,TX,Hopkins,18.4,6.2,12.8
48225,TX,Houston,18.4,6.2,12.8
48227,TX,Howard,18.4,6.2,12.8
48229,TX,Hudspeth,18.4,6.2,12.8
48231,TX,Hunt,18.4,6.2,12.8
48233,TX,Hutchinson,18.4,6.2,12.8
48235,TX,Irion,18.4,6.2,12.8
48237,TX,Jack,18.4,6.2,12.8
48239,TX,Jackson,18.4,6.2,12.8
48241,TX,Jasper,18.4,6.2,12.8
48243,TX,Jeff Davis,18.4,6.2,12.8
48245,TX,Jefferson,18.4,6.2,12.8
48247,TX,Jim Hogg,18.4,6.2,12.8
48249,TX,Jim Wells,18.4,6.2,12.8
48251,TX,Johnson,18.4,6.2,12.8
48253,TX,Jones,18.4,6.2,12.8
48255,TX,Karnes,18.4,6.2,12.8
48257,TX,Kaufman,18.4,6.2,12.8
48259,TX,Kendall,18.4,6.2,12.8
48261,TX,Kenedy,18.4,6.2,12.8
48263,TX,Kent,18.4,6.2,12.8
48265,TX,Kerr,18.4,6.2,12.8
48267,TX,Kimble,18.4,6.2,12.8
48269,TX,King,18.4,6.2,12.8
48271,TX,Kinney,18.4,6.2,12.8
48273,TX,Kleberg,18.4,6.2,12.8
48275,TX,Knox,18.4,6.2,12.8
48277,TX,Lamar,18.4,6.2,12.8
48279,TX,Lamb,18.4,6.2,12.8
48281,TX,Lampasas,18.4,6.2,12.8
48283,TX,La Salle,18.4,6.2,12.8
48285,TX,Lavaca,18.4,6.2,12.8
48287,TX,Lee,18.4,6.2,12.8
48289,TX,Leon,18.4,6.2,12.8
48291,TX,Liberty,18.4,6.2,12.8
48293,TX,Limestone,18.4,6.2,12.8
48295,TX,Lipscomb,18.4,6.2,12.8
48297,TX,Live Oak,18.4,6.2,12.8
48299,TX,Llano,18.4,6.2,12.8
48301,TX,Loving,18.4,6.2,12.8
48303,TX,Lubbock,18.4,6.2,12.8
48305,TX,Lynn,18.4,6.2,12.8
48307,TX,McCulloch,18.4,6.2,12.8
48309,TX,McLennan,18.4,6.2,12.8
48311,TX,McMullen,18.4,6.2,12.8
48313,TX,Madison,18.4,6.2,12.8
48315,TX,Marion,18.4,6.2,12.8
48317,TX,Martin,18.4,6.2,12.8
48319,TX,Mason,18.4,6.2,12.8
48321,TX,Matagorda,18.4,6.2,12.8
48323,TX,Maverick,18.4,6.2,12.8
48325,TX,Medina,18.4,6.2,12.8
48327,TX,Menard,18.4,6.2,12.8
48329,TX,Midland,18.4,6.2,12.8
48331,TX,Milam,18.4,6.2,12.8
48333,TX,Mills,18.4,6.2,12.8
48335,TX,Mitchell,18.4,6.2,12.8
48337,TX,Montague,18.4,6.2,12.8
48339,TX,Montgomery,18.4,6.2,12.8
48341,TX,Moore,18.4,6.2,12.8
48343,TX,Morris,18.4,6.2,12.8
48345,TX,Motley,18.4,6.2,12.8
48347,TX,Nacogdoches,18.4,6.2,12.8
48349,TX,Navarro,18.4,6.2,12.8
48351,TX,Newton,18.4,6.2,12.8
48353,TX,Nolan,18.4,6.2,12.8
48355,TX,Nueces,18.4,6.2,12.8
48357,TX,Ochiltree,18.4,6.2,12.8
48359,TX,Oldham,18.4,6.2,12.8
48361,TX,Orange,18.4,6.2,12.8
48363,TX,Palo Pinto,18.4,6.2,12.8
48365,TX,Panola,18.4,6.2,12.8
48367,TX,Parker,18.4,6.2,12.8
48369,TX,Parmer,18.4,6.2,12.8
48371,TX,Pecos,18.4,6.2,12.8
48373,TX,Polk,18.4,6.2,12.8
48375,TX,Potter,18.4,6.2,12.8
48377,TX,Presidio,18.4,6.2,12.8
48379,TX,Rains,18.4,6.2,12.8
48381,TX,Randall,18.4,6.2,12.8
48383,TX,Reagan,18.4,6.2,12.8
48385,TX,Real,18.4,6.2,12.8
48387,TX,Red River,18.4,6.2,12.8
48389,TX,Reeves,18.4,6.2,12.8
48391,TX,Refugio,18.4,6.2,12.8
48393,TX,Roberts,18.4,6.2,12.8
48395,TX,Robertson,18.4,6.2,12.8
48397,TX,Rockwall,18.4,6.2,12.8
48399,TX,Runnels,18.4,6.2,12.8
48401,TX,Rusk,18.4,6.2,12.8
48403,TX,Sabine,18.4,6.2,12.8
48405,TX,San Augustine,18.4,6.2,12.8
48407,TX,San Jacinto,18.4,6.2,12.8
48409,TX,San Patricio,18.4,6.2,12.8
48411,TX,San Saba,18.4,6.2,12.8
48413,TX,Schleicher,18.4,6.2,12.8
48415,TX,Scurry,18.4,6.2,12.8
48417,TX,Shackelford,18.4,6.2,12.8
48419,TX,Shelby,18.4,6.2,12.8
48421,TX,Sherman,18.4,6.2,12.8
48423,TX,Smith,18.4,6.2,12.8
48425,TX,Somervell,18.4,6.2,12.8
48427,TX,Starr,18.4,6.2,12.8
48429,TX,Stephens,18.4,6.2,12.8
48431,TX,Sterling,18.4,6.2,12.8
48433,TX,Stonewall,18.4,6.2,12.8
48435,TX,Sutton,18.4,6.2,12.8
48437,TX,Swisher,18.4,6.2,12.8
48439,TX,Tarrant,18.4,6.2,12.8
48441,TX,Taylor,18.4,6.2,12.8
48443,TX,Terrell,18.4,6.2,12.8
48445,TX,Terry,18.4,6.2,12.8
48447,TX,Throckmorton,18.4,6.2,12.8
48449,TX,Titus,18.4,6.2,12.8
48451,TX,Tom Green,18.4,6.2,12.8
48453,TX,Travis,18.4,6.2,12.8
48455,TX,Trinity,18.4,6.2,12.8
48457,TX,Tyler,18.4,6.2,12.8
48459,TX,Upshur,18.4,6.2,12.8
48461,TX,Upton,18.4,6.2,12.8
48463,TX,Uvalde,18.4,6.2,12.8
48465,TX,Val Verde,18.4,6.2,12.8
48467,TX,Van Zandt,18.4,6.2,12.8
48469,TX,Victoria,18.4,6.2,12.8
48471,TX,Walker,18.4,6.2,12.8
48473,TX,Waller,18.4,6.2,12.8
48475,TX,Ward,18.4,6.2,12.8
48477,TX,Washington,18.4,6.2,12.8
48479,TX,Webb,18.4,6.2,12.8
48481,TX,Wharton,18.4,6.2,12.8
48483,TX,Wheeler,18.4,6.2,12.8
48485,TX,Wichita,18.4,6.2,12.8
48487,TX,Wilbarger,18.4,6.2,12.8
48489,TX,Willacy,18.4,6.2,12.8
48491,TX,Williamson,18.4,6.2,12.8
48493,TX,Wilson,18.4,6.2,12.8
48495,TX,Winkler,18.4,6.2,12.8
48497,TX,Wise,18.4,6.2,12.8
48499,TX,Wood,18.4,6.2,12.8
48501,TX,Yoakum,18.4,6.2,12.8
48503,TX,Young,18.4,6.2,12.8
48505,TX,Zapata,18.4,6.2,12.8
48507,TX,Zavala,18.4,6.2,12.8
49001,UT,Beaver,14.8,4.8,9
49003,UT,Box Elder,14.8,4.8,9
49005,UT,Cache,14.8,4.8,9
49007,UT,Carbon,14.8,4.8,9
49009,UT,Daggett,14.8,4.8,9
49011,UT,Davis,14.8,4.8,9
49013,UT,Duchesne,14.8,4.8,9
49015,UT,Emery,14.8,4.8,9
49017,UT,Garfield,14.8,4.8,9
49019,UT,Grand,14.8,4.8,9
49021,UT,Iron,14.8,4.8,9
49023,UT,Juab,14.8,4.8,9
49025,UT,Kane,14.8,4.8,9
49027,UT,Millard,14.8,4.8,9
49029,UT,Morgan,14.8,4.8,9
49031,UT,Piute,14.8,4.8,9
49033,UT,Rich,14.8,4.8,9
49035,UT,Salt Lake,14.8,4.8,9
49037,UT,San Juan,14.8,4.8,9
49039,UT,Sanpete,14.8,4.8,9
49041,UT,Sevier,14.8,4.8,9
49043,UT,Summit,14.8,4.8,9
49045,UT,Tooele,14.8,4.8,9
49047,UT,Uintah,14.8,4.8,9
49049,UT,Utah,14.8,4.8,9
49051,UT,Wasatch,14.8,4.8,9
49053,UT,Washington,14.8,4.8,9
49055,UT,Wayne,14.8,4.8,9
49057,UT,Weber,14.8,4.8,9
50001,VT,Addison,12.7,5.6,8
50003,VT,Bennington,12.7,5.6,8
50005,VT,Caledonia,12.7,5.6,8
50007,VT,Chittenden,12.7,5.6,8
50009,VT,Essex,12.7,5.6,8
50011,VT,Franklin,12.7,5.6,8
50013,VT,Grand Isle,12.7,5.6,8
50015,VT,Lamoille,12.7,5.6,8
50017,VT,Orange,12.7,5.6,8
50019,VT,Orleans,12.7,5.6,8
50021,VT,Rutland,12.7,5.6,8
50023,VT,Washington,12.7,5.6,8
50025,VT,Windham,12.7,5.6,8
50027,VT,Windsor,12.7,5.6,8
51001,VA,Accomack,9.2,3.2,6.2
51003,VA,Albemarle,9.2,3.2,6.2
51005,VA,Alleghany,9.2,3.2,6.2
51007,VA,Amelia,9.2,3.2,6.2
51009,VA,Amherst,9.2,3.2,6.2
51011,VA,Appomattox,9.2,3.2,6.2
51013,VA,Arlington,9.2,3.2,6.2
51015,VA,Augusta,9.2,3.2,6.2
51017,VA,Bath,9.2,3.2,6.2
51019,VA,Bedford,9.2,3.2,6.2
51021,VA,Bland,9.2,3.2,6.2
51023,VA,Botetourt,9.2,3.2,6.2
51025,VA,Brunswick,9.2,3.2,6.2
51027,VA,Buchanan,9.2,3.2,6.2
51029,VA,Buckingham,9.2,3.2,6.2
51031,VA,Campbell,9.2,3.2,6.2
51033,VA,Caroline,9.2,3.2,6.2
51035,VA,Carroll,9.2,3.2,6.2
51036,VA,Charles City,9.2,3.2,6.2
51037,VA,Charlotte,9.2,3.2,6.2
51041,VA,Chesterfield,9.2,3.2,6.2
51043,VA,Clarke,9.2,3.2,6.2
51045,VA,Craig,9.2,3.2,6.2
51047,VA,Culpeper,9.2,3.2,6.2
51049,VA,Cumberland,9.2,3.2,6.2
51051,VA,Dickenson,9.2,3.2,6.2
51053,VA,Dinwiddie,9.2,3.2,6.2
51057,VA,Essex,9.2,3.2,6.2
51059,VA,Fairfax,9.2,3.2,6.2
51061,VA,Fauquier,9.2,3.2,6.2
51063,VA,Floyd,9.2,3.2,6.2
51065,VA,Fluvanna,9.2,3.2,6.2
51067,VA,Franklin,9.2,3.2,6.2
51069,VA,Frederick,9.2,3.2,6.2
51071,VA,Giles,9.2,3.2,6.2
51073,VA,Gloucester,9.2,3.2,6.2
51075,VA,Goochland,9.2,3.2,6.2
51077,VA,Grayson,9.2,3.2,6.2
51079,VA,Greene,9.2,3.2,6.2
51081,VA,Greensville,9.2,3.2,6.2
51083,VA,Halifax,9.2,3.2,6.2
51085,VA,Hanover,9.2,3.2,6.2
51087,VA,Henrico,9.2,3.2,6.2
51089,VA,Henry,9.2,3.2,6.2
51091,VA,Highland,9.2,3.2,6.2
51093,VA,Isle of Wight,9.2,3.2,6.2
51095,VA,James City,9.2,3.2,6.2
51097,VA,King and Queen,9.2,3.2,6.2
51099,VA,King George,9.2,3.2,6.2
51101,VA,King William,9.2,3.2,6.2
51103,VA,Lancaster,9.2,3.2,6.2
51105,VA,Lee,9.2,3.2,6.2
51107,VA,Loudoun,9.2,3.2,6.2
51109,VA,Louisa,9.2,3.2,6.2
51111,VA,Lunenburg,9.2,3.2,6.2
51113,VA,Madison,9.2,3.2,6.2
51115,VA,Mathews,9.2,3.2,6.2
51117,VA,Mecklenburg,9.2,3.2,6.2
51119,VA,Middlesex,9.2,3.2,6.2
51121,VA,Montgomery,9.2,3.2,6.2
51125,VA,Nelson,9.2,3.2,6.2
51127,VA,New Kent,9.2,3.2,6.2
51131,VA,Northampton,9.2,3.2,6.2
51133,VA,Northumberland,9.2,3.2,6.2
51135,VA,Nottoway,9.2,3.2,6.2
51137,VA,Orange,9.2,3.2,6.2
51139,VA,Page,9.2,3.2,6.2
51141,VA,Patrick,9.2,3.2,6.2
51143,VA,Pittsylvania,9.2,3.2,6.2
51145,VA,Powhatan,9.2,3.2,6.2
51147,VA,Prince Edward,9.2,3.2,6.2
51149,VA,Prince George,9.2,3.2,6.2
51153,VA,Prince William,9.2,3.2,6.2
51155,VA,Pulaski,9.2,3.2,6.2
51157,VA,Rappahannock,9.2,3.2,6.2
51159,VA,Richmond,9.2,3.2,6.2
51161,VA,Roanoke,9.2,3.2,6.2
51163,VA,Rockbridge,9.2,3.2,6.2
51165,VA,Rockingham,9.2,3.2,6.2
51167,VA,Russell,9.2,3.2,6.2
51169,VA,Scott,9.2,3.2,6.2
51171,VA,Shenandoah,9.2,3.2,6.2
51173,VA,Smyth,9.2,3.2,6.2
51175,VA,Southampton,9.2,3.2,6.2
51177,VA,Spotsylvania,9.2,3.2,6.2
51179,VA,Stafford,9.2,3.2,6.2
51181,VA,Surry,9.2,3.2,6.2
51183,VA,Sussex,9.2,3.2,6.2
51185,VA,Tazewell,9.2,3.2,6.2
51187,VA,Warren,9.2,3.2,6.2
51191,VA,Washington,9.2,3.2,6.2
51193,VA,Westmoreland,9.2,3.2,6.2
51195,VA,Wise,9.2,3.2,6.2
51197,VA,Wythe,9.2,3.2,6.2
51199,VA,York,9.2,3.2,6.2
51510,VA,Alexandria,9.2,3.2,6.2
51515,VA,Bedford,9.2,3.2,6.2
51520,VA,Bristol,9.2,3.2,6.2
51530,VA,Buena Vista,9.2,3.2,6.2
51540,VA,Charlottesville,9.2,3.2,6.2
51550,VA,Chesapeake,9.2,3.2,6.2
51560,VA,Clifton Forge,,,
51570,VA,Colonial Heights,9.2,3.2,6.2
51580,VA,Covington,9.2,3.2,6.2
51590,VA,Danville,9.2,3.2,6.2
51595,VA,Emporia,9.2,3.2,6.2
51600,VA,Fairfax,9.2,3.2,6.2
51610,VA,Falls Church,9.2,3.2,6.2
51620,VA,Franklin,9.2,3.2,6.2
51630,VA,Fredericksburg,9.2,3.2,6.2
51640,VA,Galax,9.2,3.2,6.2
51650,VA,Hampton,9.2,3.2,6.2
51660,VA,Harrisonburg,9.2,3.2,6.2
51670,VA,Hopewell,9.2,3.2,6.2
51678,VA,Lexington,9.2,3.2,6.2
51680,VA,Lynchburg,9.2,3.2,6.2
51683,VA,Manassas,9.2,3.2,6.2
51685,VA,Manassas Park,9.2,3.2,6.2
51690,VA,Martinsville,9.2,3.2,6.2
51700,VA,Newport News,9.2,3.2,6.2
51710,VA,Norfolk,9.2,3.2,6.2
51720,VA,Norton,9.2,3.2,6.2
51730,VA,Petersburg,9.2,3.2,6.2
51735,VA,Poquoson,9.2,3.2,6.2
51740,VA,Portsmouth,9.2,3.2,6.2
51750,VA,Radford,9.2,3.2,6.2
51760,VA,Richmond,9.2,3.2,6.2
51770,VA,Roanoke,9.2,3.2,6.2
51775,VA,Salem,9.2,3.2,6.2
51780,VA,South Boston,,,
51790,VA,Staunton,9.2,3.2,6.2
51800,VA,Suffolk,9.2,3.2,6.2
51810,VA,Virginia Beach,9.2,3.2,6.2
51820,VA,Waynesboro,9.2,3.2,6.2
51830,VA,Williamsburg,9.2,3.2,6.2
51840,VA,Winchester,9.2,3.2,6.2
51901,VA,Albemarle + Charlottesville,,,
51903,VA,Alleghany + Covington,,,
51907,VA,"Augusta, Staunton + Waynesboro",,,
51909,VA,Bedford + Bedford City,,,
51911,VA,Campbell + Lynchburg,,,
51913,VA,Carroll + Galax,,,
51918,VA,"Dinwiddie, Colonial Heights + Petersburg",,,
51919,VA,"Fairfax, Fairfax City + Falls Church",,,
51921,VA,Frederick + Winchester,,,
51923,VA,Greensville + Emporia,,,
51929,VA,Henry + Martinsville,,,
51931,VA,James City + Williamsburg,,,
51933,VA,Montgomery + Radford,,,
51939,VA,Pittsylvania + Danville,,,
51941,VA,Prince George + Hopewell,,,
51942,VA,"Prince William, Manassas + Manassas Park",,,
51944,VA,Roanoke + Salem,,,
51945,VA,"Rockbridge, Buena Vista + Lexington",,,
51947,VA,Rockingham + Harrisonburg,,,
51949,VA,Southampton + Franklin,,,
51951,VA,Spotsylvania + Fredericksburg,,,
51953,VA,Washington + Bristol,,,
51955,VA,Wise + Norton,,,
51958,VA,York + Poquoson,,,
53001,WA,Adams,14.6,6.1,8.7
53003,WA,Asotin,14.6,6.1,8.7
53005,WA,Benton,14.6,6.1,8.7
53007,WA,Chelan,14.6,6.1,8.7
53009,WA,Clallam,14.6,6.1,8.7
53011,WA,Clark,14.6,6.1,8.7
53013,WA,Columbia,14.6,6.1,8.7
53015,WA,Cowlitz,14.6,6.1,8.7
53017,WA,Douglas,14.6,6.1,8.7
53019,WA,Ferry,14.6,6.1,8.7
53021,WA,Franklin,14.6,6.1,8.7
53023,WA,Garfield,14.6,6.1,8.7
53025,WA,Grant,14.6,6.1,8.7
53027,WA,Grays Harbor,14.6,6.1,8.7
53029,WA,Island,14.6,6.1,8.7
53031,WA,Jefferson,14.6,6.1,8.7
53033,WA,King,14.6,6.1,8.7
53035,WA,Kitsap,14.6,6.1,8.7
53037,WA,Kittitas,14.6,6.1,8.7
53039,WA,Klickitat,14.6,6.1,8.7
53041,WA,Lewis,14.6,6.1,8.7
53043,WA,Lincoln,14.6,6.1,8.7
53045,WA,Mason,14.6,6.1,8.7
53047,WA,Okanogan,14.6,6.1,8.7
53049,WA,Pacific,14.6,6.1,8.7
53051,WA,Pend Oreille,14.6,6.1,8.7
53053,WA,Pierce,14.6,6.1,8.7
53055,WA,San Juan,14.6,6.1,8.7
53057,WA,Skagit,14.6,6.1,8.7
53059,WA,Skamania,14.6,6.1,8.7
53061,WA,Snohomish,14.6,6.1,8.7
53063,WA,Spokane,14.6,6.1,8.7
53065,WA,Stevens,14.6,6.1,8.7
53067,WA,Thurston,14.6,6.1,8.7
53069,WA,Wahkiakum,14.6,6.1,8.7
53071,WA,Walla Walla,14.6,6.1,8.7
53073,WA,Whatcom,14.6,6.1,8.7
53075,WA,Whitman,14.6,6.1,8.7
53077,WA,Yakima,14.6,6.1,8.7
54001,WV,Barbour,14.2,4.9,7.4
54003,WV,Berkeley,14.2,4.9,7.4
54005,WV,Boone,14.2,4.9,7.4
54007,WV,Braxton,14.2,4.9,7.4
54009,WV,Brooke,14.2,4.9,7.4
54011,WV,Cabell,14.2,4.9,7.4
54013,WV,Calhoun,14.2,4.9,7.4
54015,WV,Clay,14.2,4.9,7.4
54017,WV,Doddridge,14.2,4.9,7.4
54019,WV,Fayette,14.2,4.9,7.4
54021,WV,Gilmer,14.2,4.9,7.4
54023,WV,Grant,14.2,4.9,7.4
54025,WV,Greenbrier,14.2,4.9,7.4
54027,WV,Hampshire,14.2,4.9,7.4
54029,WV,Hancock,14.2,4.9,7.4
54031,WV,Hardy,14.2,4.9,7.4
54033,WV,Harrison,14.2,4.9,7.4
54035,WV,Jackson,14.2,4.9,7.4
54037,WV,Jefferson,14.2,4.9,7.4
54039,WV,Kanawha,14.2,4.9,7.4
54041,WV,Lewis,14.2,4.9,7.4
54043,WV,Lincoln,14.2,4.9,7.4
54045,WV,Logan,14.2,4.9,7.4
54047,WV,McDowell,14.2,4.9,7.4
54049,WV,Marion,14.2,4.9,7.4
54051,WV,Marshall,14.2,4.9,7.4
54053,WV,Mason,14.2,4.9,7.4
54055,WV,Mercer,14.2,4.9,7.4
54057,WV,Mineral,14.2,4.9,7.4
54059,WV,Mingo,14.2,4.9,7.4
54061,WV,Monongalia,14.2,4.9,7.4
54063,WV,Monroe,14.2,4.9,7.4
54065,WV,Morgan,14.2,4.9,7.4
54067,WV,Nicholas,14.2,4.9,7.4
54069,WV,Ohio,14.2,4.9,7.4
54071,WV,Pendleton,14.2,4.9,7.4
54073,WV,Pleasants,14.2,4.9,7.4
54075,WV,Pocahontas,14.2,4.9,7.4
54077,WV,Preston,14.2,4.9,7.4
54079,WV,Putnam,14.2,4.9,7.4
54081,WV,Raleigh,14.2,4.9,7.4
54083,WV,Randolph,14.2,4.9,7.4
54085,WV,Ritchie,14.2,4.9,7.4
54087,WV,Roane,14.2,4.9,7.4
54089,WV,Summers,14.2,4.9,7.4
54091,WV,Taylor,14.2,4.9,7.4
54093,WV,Tucker,14.2,4.9,7.4
54095,WV,Tyler,14.2,4.9,7.4
54097,WV,Upshur,14.2,4.9,7.4
54099,WV,Wayne,14.2,4.9,7.4
54101,WV,Webster,14.2,4.9,7.4
54103,WV,Wetzel,14.2,4.9,7.4
54105,WV,Wirt,14.2,4.9,7.4
54107,WV,Wood,14.2,4.9,7.4
54109,WV,Wyoming,14.2,4.9,7.4
55001,WI,Adams,11.2,4.7,7.7
55003,WI,Ashland,11.2,4.7,7.7
55005,WI,Barron,11.2,4.7,7.7
55007,WI,Bayfield,11.2,4.7,7.7
55009,WI,Brown,11.2,4.7,7.7
55011,WI,Buffalo,11.2,4.7,7.7
55013,WI,Burnett,11.2,4.7,7.7
55015,WI,Calumet,11.2,4.7,7.7
55017,WI,Chippewa,11.2,4.7,7.7
55019,WI,Clark,11.2,4.7,7.7
55021,WI,Columbia,11.2,4.7,7.7
55023,WI,Crawford,11.2,4.7,7.7
55025,WI,Dane,11.2,4.7,7.7
55027,WI,Dodge,11.2,4.7,7.7
55029,WI,Door,11.2,4.7,7.7
55031,WI,Douglas,11.2,4.7,7.7
55033,WI,Dunn,11.2,4.7,7.7
55035,WI,Eau Claire,11.2,4.7,7.7
55037,WI,Florence,11.2,4.7,7.7
55039,WI,Fond du Lac,11.2,4.7,7.7
55041,WI,Forest,11.2,4.7,7.7
55043,WI,Grant,11.2,4.7,7.7
55045,WI,Green,11.2,4.7,7.7
55047,WI,Green Lake,11.2,4.7,7.7
55049,WI,Iowa,11.2,4.7,7.7
55051,WI,Iron,11.2,4.7,7.7
55053,WI,Jackson,11.2,4.7,7.7
55055,WI,Jefferson,11.2,4.7,7.7
55057,WI,Juneau,11.2,4.7,7.7
55059,WI,Kenosha,11.2,4.7,7.7
55061,WI,Kewaunee,11.2,4.7,7.7
55063,WI,La Crosse,11.2,4.7,7.7
55065,WI,Lafayette,11.2,4.7,7.7
55067,WI,Langlade,11.2,4.7,7.7
55069,WI,Lincoln,11.2,4.7,7.7
55071,WI,Manitowoc,11.2,4.7,7.7
55073,WI,Marathon,11.2,4.7,7.7
55075,WI,Marinette,11.2,4.7,7.7
55077,WI,Marquette,11.2,4.7,7.7
55078,WI,Menominee,11.2,4.7,7.7
55079,WI,Milwaukee,11.2,4.7,7.7
55081,WI,Monroe,11.2,4.7,7.7
55083,WI,Oconto,11.2,4.7,7.7
55085,WI,Oneida,11.2,4.7,7.7
55087,WI,Outagamie,11.2,4.7,7.7
55089,WI,Ozaukee,11.2,4.7,7.7
55091,WI,Pepin,11.2,4.7,7.7
55093,WI,Pierce,11.2,4.7,7.7
55095,WI,Polk,11.2,4.7,7.7
55097,WI,Portage,11.2,4.7,7.7
55099,WI,Price,11.2,4.7,7.7
55101,WI,Racine,11.2,4.7,7.7
55103,WI,Richland,11.2,4.7,7.7
55105,WI,Rock,11.2,4.7,7.7
55107,WI,Rusk,11.2,4.7,7.7
55109,WI,St. Croix,11.2,4.7,7.7
55111,WI,Sauk,11.2,4.7,7.7
55113,WI,Sawyer,11.2,4.7,7.7
55115,WI,Shawano,11.2,4.7,7.7
55117,WI,Sheboygan,11.2,4.7,7.7
55119,WI,Taylor,11.2,4.7,7.7
55121,WI,Trempealeau,11.2,4.7,7.7
55123,WI,Vernon,11.2,4.7,7.7
55125,WI,Vilas,11.2,4.7,7.7
55127,WI,Walworth,11.2,4.7,7.7
55129,WI,Washburn,11.2,4.7,7.7
55131,WI,Washington,11.2,4.7,7.7
55133,WI,Waukesha,11.2,4.7,7.7
55135,WI,Waupaca,11.2,4.7,7.7
55137,WI,Waushara,11.2,4.7,7.7
55139,WI,Winnebago,11.2,4.7,7.7
55141,WI,Wood,11.2,4.7,7.7
56001,WY,Albany,13.8,5.1,7.9
56003,WY,Big Horn,13.8,5.1,7.9
56005,WY,Campbell,13.8,5.1,7.9
56007,WY,Carbon,13.8,5.1,7.9
56009,WY,Converse,13.8,5.1,7.9
56011,WY,Crook,13.8,5.1,7.9
56013,WY,Fremont,13.8,5.1,7.9
56015,WY,Goshen,13.8,5.1,7.9
56017,WY,Hot Springs,13.8,5.1,7.9
56019,WY,Johnson,13.8,5.1,7.9
56021,WY,Laramie,13.8,5.1,7.9
56023,WY,Lincoln,13.8,5.1,7.9
56025,WY,Natrona,13.8,5.1,7.9
56027,WY,Niobrara,13.8,5.1,7.9
56029,WY,Park,13.8,5.1,7.9
56031,WY,Platte,13.8,5.1,7.9
56033,WY,Sheridan,13.8,5.1,7.9
56035,WY,Sublette,13.8,5.1,7.9
56037,WY,Sweetwater,13.8,5.1,7.9
56039,WY,Teton,13.8,5.1,7.9
56041,WY,Uinta,13.8,5.1,7.9
56043,WY,Washakie,13.8,5.1,7.9
56045,WY,Weston,13.8,5.1,7.9
72001,PR,Adjuntas,,,
72003,PR,Aguada,,,
72005,PR,Aguadilla,,,
72007,PR,Aguas Buenas,,,
72009,PR,Aibonito,,,
72011,PR,Anasco,,,
72013,PR,Arecibo,,,
72015,PR,Arroyo,,,
72017,PR,Barceloneta,,,
72019,PR,Barranquitas,,,
72021,PR,Bayamon,,,
72023,PR,Cabo Rojo,,,
72025,PR,Caguas,,,
72027,PR,Camuy,,,
72029,PR,Canovanas,,,
72031,PR,Carolina,,,
72033,PR,Catano,,,
72035,PR,Cayey,,,
72037,PR,Ceiba,,,
72039,PR,Ciales,,,
72041,PR,Cidra,,,
72043,PR,Coamo,,,
72045,PR,Comerio,,,
72047,PR,Corozal,,,
72049,PR,Culebra,,,
72051,PR,Dorado,,,
72053,PR,Fajardo,,,
72054,PR,Florida,,,
72055,PR,Guanica,,,
72057,PR,Guayama,,,
72059,PR,Guayanilla,,,
72061,PR,Guaynabo,,,
72063,PR,Gurabo,,,
72065,PR,Hatillo,,,
72067,PR,Hormigueros,,,
72069,PR,Humacao,,,
72071,PR,Isabela,,,
72073,PR,Jayuya,,,
72075,PR,Juana Diaz,,,
72077,PR,Juncos,,,
72079,PR,Lajas,,,
72081,PR,Lares,,,
72083,PR,Las Marias,,,
72085,PR,Las Piedras,,,
72087,PR,Loiza,,,
72089,PR,Luquillo,,,
72091,PR,Manati,,,
72093,PR,Maricao,,,
72095,PR,Maunabo,,,
72097,PR,Mayaguez,,,
72099,PR,Moca,,,
72101,PR,Morovis,,,
72103,PR,Naguabo,,,
72105,PR,Naranjito,,,
72107,PR,Orocovis,,,
72109,PR,Patillas,,,
72111,PR,Penuelas,,,
72113,PR,Ponce,,,
72115,PR,Quebradillas,,,
72117,PR,Rincon,,,
72119,PR,Rio Grande,,,
72121,PR,Sabana Grande,,,
72123,PR,Salinas,,,
72125,PR,San German,,,
72127,PR,San Juan,,,
72129,PR,San Lorenzo,,,
72131,PR,San Sebastian,,,
72133,PR,Santa Isabel,,,
72135,PR,Toa Alta,,,
72137,PR,Toa Baja,,,
72139,PR,Trujillo Alto,,,
72141,PR,Utuado,,,
72143,PR,Vega Alta,,,
72145,PR,Vega Baja,,,
72147,PR,Vieques,,,
72149,PR,Villalba,,,
72151,PR,Yabucoa,,,
72153,PR,Yauco,,,
